mut_info_dir,mut_info_inv,GeoDDG-3D_dir,GeoDDG-3D_inv
rcsb_2E22_A_I161T,rcsb_1J0M_A_T161I,-1.1513853073120117,1.1439236402511597
rcsb_1E67_A_C112D,rcsb_3FQY_A_D112C,-1.6063061952590942,1.6164398193359375
rcsb_102M_A_A64L,rcsb_2MGC_A_L64A,0.4424166679382324,-0.43647098541259766
rcsb_102M_A_A64T,rcsb_1MOC_A_T64A,-0.05983329191803932,0.05844266340136528
rcsb_102M_A_A64H,rcsb_109M_A_H64A,-0.329998254776001,0.3141521215438843
rcsb_102M_A_A64Y,rcsb_1MGN_A_Y64A,0.3942849636077881,-0.39138978719711304
rcsb_104M_A_K42N,rcsb_4OF9_A_N42K,-0.7441250681877136,0.743040919303894
rcsb_104M_A_I107Y,rcsb_5B84_A_Y107I,-0.6930575370788574,0.6999902725219727
rcsb_106M_A_F68L,rcsb_1MLQ_A_L68F,-0.27457576990127563,0.2701700031757355
rcsb_106M_A_F68W,rcsb_2OH9_A_W68F,-1.021630048751831,1.0316182374954224
rcsb_106M_A_F68V,rcsb_109M_A_V68F,-0.568417489528656,0.5701406598091125
rcsb_109M_A_L29V,rcsb_2SPO_A_V29L,-0.7711462378501892,0.7523840665817261
rcsb_109M_A_F46L,rcsb_1MTI_A_L46F,0.3410455584526062,-0.33108851313591003
rcsb_109M_A_F46V,rcsb_101M_A_V46F,-0.10653074830770493,0.10454303026199341
rcsb_109M_A_H64Q,rcsb_2MGF_A_Q64H,0.41820380091667175,-0.42522868514060974
rcsb_109M_A_V68W,rcsb_2OH9_A_W68V,-0.45544904470443726,0.4532471001148224
rcsb_109M_A_H97V,rcsb_1CH5_A_V97H,-0.35665398836135864,0.3351518213748932
rcsb_109M_A_L104N,rcsb_1CP0_A_N104L,-2.190385103225708,2.185915946960449
rcsb_109M_A_L104W,rcsb_1CPW_A_W104L,-0.02188655361533165,0.005734882317483425
rcsb_109M_A_I107W,rcsb_2OHB_A_W107I,-0.33011314272880554,0.3324730098247528
rcsb_109M_A_F138W,rcsb_2OHA_A_W138F,-1.3965644836425781,1.4083480834960938
rcsb_134L_A_E115R,rcsb_1LZS_A_R115E,0.06406401842832565,-0.05057458579540253
rcsb_134L_A_E115H,rcsb_133L_A_H115E,0.4744332432746887,-0.4685665965080261
rcsb_150L_A_I6M,rcsb_1LYD_A_M6I,2.8478498458862305,-2.8162076473236084
rcsb_193L_A_H15V,rcsb_1UIF_A_V15H,0.45886361598968506,-0.460492879152298
rcsb_193L_A_I98M,rcsb_1IR9_A_M98I,-1.3710724115371704,1.3639488220214844
rcsb_1A2F_A_K172M,rcsb_1CCA_A_M172K,1.0110896825790405,-1.0886234045028687
rcsb_1A2G_A_H231M,rcsb_1CCA_A_M231H,2.3218090534210205,-2.3343889713287354
rcsb_1A4A_A_H121M,rcsb_2AZA_A_M121H,0.07357513904571533,-0.06827811151742935
rcsb_1A54_A_C197W,rcsb_1A40_A_W197C,-0.017279934138059616,0.016771946102380753
rcsb_1A6K_A_D122N,rcsb_1A6G_A_N122D,-0.8964826464653015,0.8972858190536499
rcsb_1A8E_A_D63E,rcsb_1OQG_A_E63D,-0.12199126929044724,0.1037166565656662
rcsb_1A8E_A_L66W,rcsb_1N7W_A_W66L,-1.900749921798706,1.9393781423568726
rcsb_1AAJ_A_W45Y,rcsb_4P5R_A_Y45W,-1.4430809020996094,1.458553433418274
rcsb_1AH7_A_E4Q,rcsb_2FFZ_A_Q4E,-0.7466239333152771,0.7209757566452026
rcsb_1AH7_A_D55N,rcsb_1P5X_A_N55D,-1.4822134971618652,1.494187593460083
rcsb_1AKR_A_A61N,rcsb_1AKT_A_N61A,0.18441690504550934,-0.1732221394777298
rcsb_1AKW_A_L61N,rcsb_1AKT_A_N61L,0.053868189454078674,-0.03907668963074684
rcsb_1AKW_A_L61V,rcsb_1AZL_A_V61L,-0.22210970520973206,0.2165113240480423
rcsb_1AME_A_T15V,rcsb_1MSJ_A_V15T,-2.216395616531372,2.33697772026062
rcsb_1AME_A_E35K,rcsb_1EKL_A_K35E,0.24952226877212524,-0.2894251346588135
rcsb_1AME_A_N46S,rcsb_2MSJ_A_S46N,0.3257976174354553,-0.28736287355422974
rcsb_1AME_A_K61R,rcsb_1B7I_A_R61K,0.13701972365379333,-0.15291784703731537
rcsb_1AW7_A_A136Q,rcsb_2QIL_A_Q136A,-0.026925774291157722,0.00537449587136507
rcsb_1AXQ_A_F25I,rcsb_1FRJ_A_I25F,0.5394846200942993,-0.5432834029197693
rcsb_1AXQ_A_C42D,rcsb_1FF2_A_D42C,-3.157045841217041,2.991748332977295
rcsb_1AXQ_A_L44S,rcsb_1GAO_A_S44L,-0.5953006744384766,0.5989657640457153
rcsb_1AZI_A_H64Y,rcsb_1YMA_A_Y64H,0.6915377378463745,-0.6891634464263916
rcsb_1AZI_A_H64V,rcsb_3HC9_A_V64H,0.7668635249137878,-0.7800767421722412
rcsb_1AZI_A_H93Y,rcsb_1HRM_A_Y93H,0.6212746500968933,-0.612898588180542
rcsb_1B5V_A_A51S,rcsb_1LZS_A_S51A,0.8632693886756897,-0.8663058280944824
rcsb_1B7L_A_L32S,rcsb_1GF0_A_S32L,-1.555275321006775,1.568074345588684
rcsb_1B7P_A_G78H,rcsb_1LZS_A_H78G,0.1360185146331787,-0.14056187868118286
rcsb_1B7S_A_S74Y,rcsb_1GFH_A_Y74S,0.19951708614826202,-0.1989682912826538
rcsb_1B8L_A_D101E,rcsb_1B9A_A_E101D,0.015866719186306,-0.016610771417617798
rcsb_1B9A_A_A51D,rcsb_1B8R_A_D51A,0.22310477495193481,-0.1915063112974167
rcsb_1B9O_A_D45N,rcsb_1A4V_A_N45D,0.2788754403591156,-0.2795764207839966
rcsb_1BAN_A_A91S,rcsb_2F4Y_A_S89A,2.3429346084594727,-2.319930076599121
rcsb_1BB3_A_L96M,rcsb_1B7M_A_M96L,0.007075386121869087,-0.010543438605964184
rcsb_1BB4_A_H109W,rcsb_1BB3_A_W109H,2.1958022117614746,-2.1185624599456787
rcsb_1BC0_A_A185W,rcsb_1A8A_A_W185A,1.3554115295410156,-1.3671646118164062
rcsb_1BCX_A_C172H,rcsb_3VZJ_A_H172C,-0.8069928288459778,0.810842752456665
rcsb_1BCX_A_C172E,rcsb_1BVV_A_E172C,-0.3669525682926178,0.3682527244091034
rcsb_1BCY_A_K72T,rcsb_1A8A_A_T72K,-0.6015916466712952,0.5921780467033386
rcsb_1BCZ_A_S72T,rcsb_1A8A_A_T72S,-0.6705723404884338,0.7037568092346191
rcsb_1BEJ_A_G191Y,rcsb_1BEQ_A_Y191G,0.9294220209121704,-0.6195852160453796
rcsb_1BEJ_A_G191Q,rcsb_1BEM_A_Q191G,-0.35092800855636597,0.28506165742874146
rcsb_1BEP_A_W191Y,rcsb_1BEQ_A_Y191W,-0.2295048087835312,0.04532530531287193
rcsb_1BJE_A_T64Y,rcsb_1YMA_A_Y64T,0.30649128556251526,-0.30716925859451294
rcsb_1BNS_A_A26T,rcsb_2F4Y_A_T24A,1.6188448667526245,-1.6532554626464844
rcsb_1BQE_A_A160T,rcsb_1OGI_A_T160A,-1.4458916187286377,1.5021357536315918
rcsb_1BRI_A_A76I,rcsb_2F4Y_A_I74A,3.1665892601013184,-3.1596970558166504
rcsb_1BRJ_A_A88I,rcsb_2F4Y_A_I86A,4.7754316329956055,-4.833737850189209
rcsb_1BTI_A_A22F,rcsb_1BPI_A_F22A,2.9810798168182373,-2.9705770015716553
rcsb_1BU4_A_E46Q,rcsb_1RGK_A_Q46E,0.03221507743000984,-0.01749400608241558
rcsb_1BVV_A_E172H,rcsb_3VZJ_A_H172E,-0.43927305936813354,0.4529873728752136
rcsb_1BZ4_A_C112R,rcsb_1GS9_A_R112C,-0.21689976751804352,0.22066305577754974
rcsb_1BZJ_A_C215S,rcsb_1AAX_A_S215C,-0.6510837078094482,0.5655125975608826
rcsb_1C3F_A_E132Q,rcsb_1C93_A_Q132E,1.2960877418518066,-1.3203654289245605
rcsb_1C6L_A_A153F,rcsb_2B6T_A_F153A,3.9965708255767822,-3.827218770980835
rcsb_1C74_A_K121M,rcsb_2B96_A_M121K,-0.2784649431705475,0.28237709403038025
rcsb_1C8Q_A_F256W,rcsb_1Q4N_X_W256F,-0.17816680669784546,0.1785520613193512
rcsb_1C8W_A_G45T,rcsb_3A1R_A_T45G,3.7107622623443604,-3.7810440063476562
rcsb_1C8Y_A_A130E,rcsb_1C8X_A_E130A,-0.5832737684249878,0.5996547937393188
rcsb_1C92_A_A132Q,rcsb_1C90_A_Q132A,0.023986613377928734,-0.019255027174949646
rcsb_1C96_A_A530D,rcsb_1C97_A_D530A,-0.045778412371873856,0.046961210668087006
rcsb_1C97_A_A642S,rcsb_5ACN_A_S642A,2.8706979751586914,-2.9064550399780273
rcsb_1C9V_A_A12H,rcsb_3A1R_A_H12A,1.2955807447433472,-1.2913049459457397
rcsb_1C9X_A_A119H,rcsb_3A1R_A_H119A,-0.4801578223705292,0.475379079580307
rcsb_1CB2_A_F169Y,rcsb_1QK0_A_Y169F,0.8469836711883545,-0.8133360743522644
rcsb_1CCI_A_G202K,rcsb_1CCL_A_K202G,0.2423856556415558,-0.21614935994148254
rcsb_1CDG_A_G179L,rcsb_1KCL_A_L179G,0.21808303892612457,-0.205433651804924
rcsb_1CH1_A_G89L,rcsb_109M_A_L89G,2.262202501296997,-2.382028102874756
rcsb_1CH1_A_G89W,rcsb_1CH3_A_W89G,1.4120073318481445,-1.4791994094848633
rcsb_1CH2_A_F89G,rcsb_1CH1_A_G89F,-2.2209055423736572,2.10355544090271
rcsb_1CH2_A_F89W,rcsb_1CH3_A_W89F,-0.7279764413833618,0.7274819016456604
rcsb_1CH2_A_F89L,rcsb_109M_A_L89F,0.18040549755096436,-0.17326770722866058
rcsb_1CH7_A_F97V,rcsb_1CH5_A_V97F,-0.29475128650665283,0.27394890785217285
rcsb_1CIJ_A_W175Y,rcsb_1BEZ_A_Y175W,-0.15704406797885895,0.1580205261707306
rcsb_1CIK_A_A99I,rcsb_109M_A_I99A,2.656198024749756,-2.6770992279052734
rcsb_1CJ6_A_A11V,rcsb_1CJ7_A_V11A,0.21474109590053558,-0.21561016142368317
rcsb_1CJ8_A_A40T,rcsb_1LZS_A_T40A,2.1799967288970947,-2.156641721725464
rcsb_1CKF_A_A52T,rcsb_1LZS_A_T52A,1.3814586400985718,-1.3942207098007202
rcsb_1CM2_A_D15H,rcsb_1POH_A_H15D,0.17027941346168518,-0.175995871424675
rcsb_1CNI_A_A92Q,rcsb_5BNL_A_Q92A,0.4212253987789154,-0.3987831473350525
rcsb_1CNK_A_L92Q,rcsb_5BNL_A_Q92L,0.579947292804718,-0.560157299041748
rcsb_1CO8_A_A104L,rcsb_109M_A_L104A,1.2383233308792114,-1.2449325323104858
rcsb_1CO8_A_A104W,rcsb_1CPW_A_W104A,1.2288029193878174,-1.2248427867889404
rcsb_1CO9_A_V104W,rcsb_1CPW_A_W104V,0.5682221055030823,-0.5698899030685425
rcsb_1CP0_A_N104W,rcsb_1CPW_A_W104N,2.166808843612671,-2.175076484680176
rcsb_1CP0_A_N104V,rcsb_1CO9_A_V104N,1.590979814529419,-1.5790776014328003
rcsb_1CP5_A_F104V,rcsb_1CO9_A_V104F,-2.1180050373077393,2.076946258544922
rcsb_1CP6_A_E151H,rcsb_2ANP_A_H151E,0.321318119764328,-0.30937087535858154
rcsb_1CRN_A_P22S,rcsb_1AB1_A_S22P,0.5192277431488037,-0.5126813650131226
rcsb_1CRN_A_I25L,rcsb_1CNR_A_L25I,0.08927285671234131,-0.09018699824810028
rcsb_1CTQ_A_Q61V,rcsb_2RGC_A_V61Q,0.14969873428344727,-0.1280289888381958
rcsb_1CV3_A_L118M,rcsb_1KS3_A_M118L,-0.7778444886207581,0.785410463809967
rcsb_1CVD_A_C119Q,rcsb_1H9Q_A_Q119C,-0.564839780330658,0.5819481015205383
rcsb_1CWT_A_C473S,rcsb_4WH7_A_S473C,-1.865039587020874,1.788300633430481
rcsb_1CZH_A_G58N,rcsb_1CZL_A_N58G,0.007007429841905832,-0.012418776750564575
rcsb_1CZL_A_D90N,rcsb_1CZR_A_N90D,-0.329925537109375,0.3318251371383667
rcsb_1CZP_A_C49S,rcsb_1QOA_A_S49C,-1.9318225383758545,1.8969342708587646
rcsb_1D4N_A_E207H,rcsb_1A8E_A_H207E,1.7178817987442017,-1.7401477098464966
rcsb_1D6Q_A_E102N,rcsb_1EQ5_A_N102E,-0.2840144634246826,0.26205921173095703
rcsb_1D9Y_A_C32S,rcsb_1R1N_A_S32C,-0.687852680683136,0.6977211833000183
rcsb_1DIW_A_E930S,rcsb_1D0H_A_S930E,0.7521080374717712,-0.6820856928825378
rcsb_1DJ1_A_A48L,rcsb_7CCP_A_L48A,0.06558937579393387,-0.0579279400408268
rcsb_1DJ1_A_A48R,rcsb_1CCA_A_R48A,2.2256970405578613,-2.2756316661834717
rcsb_1DKJ_A_K68R,rcsb_1HEP_A_R68K,-0.38811638951301575,0.3493194580078125
rcsb_1DKP_A_A17H,rcsb_1DKM_A_H17A,2.164740800857544,-2.1564877033233643
rcsb_1DLR_A_F22L,rcsb_2C2S_A_L22F,2.070976972579956,-2.0785303115844727
rcsb_1DLR_A_F22R,rcsb_1U71_A_R22F,-0.5759626030921936,0.5879233479499817
rcsb_1DTI_A_D97H,rcsb_109M_A_H97D,0.34845027327537537,-0.4069270193576813
rcsb_1DTI_A_D97Q,rcsb_1CH9_A_Q97D,0.3622260093688965,-0.3670649826526642
rcsb_1DUE_A_A195S,rcsb_1AGJ_A_S195A,2.198216438293457,-2.1975769996643066
rcsb_1DX9_A_A57W,rcsb_1FTG_A_W57A,-0.8509353399276733,0.7695436477661133
rcsb_1DYC_A_I131V,rcsb_3FA0_A_V131I,-0.6134206056594849,0.5586860179901123
rcsb_1DYF_A_M131V,rcsb_3FA0_A_V131M,-0.09293041378259659,0.06683656573295593
rcsb_1DYG_A_E131V,rcsb_3FA0_A_V131E,-0.608506977558136,0.6258960962295532
rcsb_1DYM_A_A197E,rcsb_2A39_A_E197A,-0.6651251316070557,0.669023871421814
rcsb_1E1A_A_E37Q,rcsb_2IAO_A_Q37E,0.028959907591342926,0.003564241575077176
rcsb_1E2W_A_F168N,rcsb_1EWH_A_N168F,-1.6635503768920898,1.7250255346298218
rcsb_1E8M_A_A554S,rcsb_4AMY_A_S554A,0.6906343102455139,-0.6463391184806824
rcsb_1EIC_A_A120W,rcsb_1EIE_A_W120A,1.4631502628326416,-1.4729266166687012
rcsb_1EIC_A_A120G,rcsb_1EID_A_G120A,0.24691972136497498,-0.26697346568107605
rcsb_1EID_A_G120W,rcsb_1EIE_A_W120G,1.2154427766799927,-1.2068463563919067
rcsb_1EOF_A_A136D,rcsb_1EOD_A_D136A,0.26456955075263977,-0.2590409219264984
rcsb_1ERO_A_M69V,rcsb_1LI9_A_V69M,0.5946419835090637,-0.590053379535675
rcsb_1ERO_A_N100R,rcsb_1PZP_A_R100N,0.50323486328125,-0.5376437306404114
rcsb_1ERO_A_E166N,rcsb_1FQG_A_N166E,-1.7546755075454712,1.7115263938903809
rcsb_1ERO_A_M182T,rcsb_1JWP_A_T182M,2.8799476623535156,-2.906081438064575
rcsb_1ETJ_A_E121G,rcsb_4MFH_A_G121E,-0.1978992074728012,0.1991848349571228
rcsb_1ETJ_A_E121M,rcsb_1E67_A_M121E,0.4415584206581116,-0.4554920494556427
rcsb_1EWF_A_E185K,rcsb_1BP1_A_K185E,0.05266072601079941,-0.050127819180488586
rcsb_1EWH_A_N153Q,rcsb_1E2V_A_Q153N,0.2139541506767273,-0.21586664021015167
rcsb_1F2M_A_A114V,rcsb_1KAA_A_V114A,0.5614057779312134,-0.5643882155418396
rcsb_1F2Y_A_A113Y,rcsb_1KAA_A_Y113A,0.1545359194278717,-0.15999065339565277
rcsb_1F9I_A_F42Y,rcsb_4B9O_A_Y42F,0.5868501663208008,-0.5887850522994995
rcsb_1FAE_A_E44Q,rcsb_1G9J_A_Q44E,0.106052927672863,-0.11451250314712524
rcsb_1FAE_A_E55Q,rcsb_1F9D_A_Q55E,0.4238438010215759,-0.4202762842178345
rcsb_1FCS_A_R67T,rcsb_2MGJ_A_T67R,0.1026715561747551,-0.08051183819770813
rcsb_1FLA_A_D57G,rcsb_2FOX_A_G57D,0.5568763613700867,-0.5672124028205872
rcsb_1FLA_A_D57T,rcsb_1FLD_A_T57D,0.2420189380645752,-0.19076240062713623
rcsb_1FLU_A_A67G,rcsb_193L_A_G67A,1.269523024559021,-1.2296125888824463
rcsb_1FLW_A_A71G,rcsb_193L_A_G71A,-0.21732957661151886,0.20882493257522583
rcsb_1FLY_A_A102G,rcsb_193L_A_G102A,-0.4104948341846466,0.42883431911468506
rcsb_1FN5_A_A49G,rcsb_193L_A_G49A,1.1419821977615356,-1.1148076057434082
rcsb_1FP8_A_Q27R,rcsb_1CWY_A_R27Q,0.14042893052101135,-0.1453140676021576
rcsb_1FQE_A_A206K,rcsb_1A8E_A_K206A,0.48995670676231384,-0.5282936692237854
rcsb_1FQF_A_A296K,rcsb_1A8E_A_K296A,0.2624723017215729,-0.24560987949371338
rcsb_1FVX_A_N57T,rcsb_1FLD_A_T57N,-0.07435020059347153,0.07574974000453949
rcsb_1FYS_A_C16S,rcsb_1G02_A_S16C,-0.3521963953971863,0.35456475615501404
rcsb_1FZU_A_A78T,rcsb_1I3I_A_T78A,-0.3149600923061371,0.3148020803928375
rcsb_1FZU_A_A78V,rcsb_1BU4_A_V78A,3.697291851043701,-3.690635919570923
rcsb_1G02_A_S16V,rcsb_1BU4_A_V16S,4.214449405670166,-4.185733318328857
rcsb_1G0K_A_C152V,rcsb_1G0L_A_V152C,1.694960355758667,-1.6907581090927124
rcsb_1G0P_A_G149V,rcsb_219L_A_V149G,5.654758453369141,-5.6875481605529785
rcsb_1G0P_A_G149I,rcsb_1G0Q_A_I149G,5.83950662612915,-5.879816055297852
rcsb_1G0P_A_G149S,rcsb_1G06_A_S149G,1.3722482919692993,-1.4114820957183838
rcsb_1G3O_A_E19V,rcsb_1AXQ_A_V19E,0.9158018231391907,-0.9206238985061646
rcsb_1G4S_A_A130S,rcsb_2TPS_A_S130A,2.4277360439300537,-2.441072463989258
rcsb_1G94_A_K300R,rcsb_1JD7_A_R300K,-0.3740270435810089,0.3414549231529236
rcsb_1GAY_A_G2N,rcsb_1GFE_A_N2G,0.49990835785865784,-0.5046665072441101
rcsb_1GAY_A_G2R,rcsb_1GFG_A_R2G,1.297974705696106,-1.3509225845336914
rcsb_1GAY_A_G2I,rcsb_1GAZ_A_I2G,3.6646664142608643,-3.852224349975586
rcsb_1GAZ_A_I2Y,rcsb_1GF9_A_Y2I,-2.3130218982696533,2.2915425300598145
rcsb_1GAZ_A_I2M,rcsb_1GB2_A_M2I,-2.1400513648986816,2.0807249546051025
rcsb_1GAZ_A_I2L,rcsb_1GB0_A_L2I,-1.46898353099823,1.436911940574646
rcsb_1GB0_A_L2V,rcsb_3FE0_A_V2L,0.17655497789382935,-0.17265868186950684
rcsb_1GB2_A_M2S,rcsb_1GF8_A_S2M,-0.8128422498703003,0.803696870803833
rcsb_1GB2_A_M2V,rcsb_3FE0_A_V2M,0.812186062335968,-0.7949199676513672
rcsb_1GB3_A_F2V,rcsb_3FE0_A_V2F,1.1935416460037231,-1.133954644203186
rcsb_1GB3_A_F2R,rcsb_1GFG_A_R2F,0.037511710077524185,-0.005149823613464832
rcsb_1GB3_A_F2I,rcsb_1GAZ_A_I2F,2.4558112621307373,-2.4919111728668213
rcsb_1GB3_A_F2L,rcsb_1GB0_A_L2F,0.9941043853759766,-0.9319496750831604
rcsb_1GB5_A_G74V,rcsb_3FE0_A_V74G,0.3302294611930847,-0.2834877669811249
rcsb_1GB5_A_G74R,rcsb_1GFR_A_R74G,0.5913463234901428,-0.5770707130432129
rcsb_1GB5_A_G74M,rcsb_1GB8_A_M74G,0.1563439965248108,-0.1544400304555893
rcsb_1GB5_A_G74I,rcsb_1GB6_A_I74G,1.0638208389282227,-0.9894005656242371
rcsb_1GB5_A_G74Y,rcsb_1GFH_A_Y74G,0.6180854439735413,-0.636474072933197
rcsb_1GB6_A_I74V,rcsb_3FE0_A_V74I,-0.6904425024986267,0.7096375226974487
rcsb_1GB6_A_I74R,rcsb_1GFR_A_R74I,-0.411067396402359,0.411792129278183
rcsb_1GB6_A_I74L,rcsb_1GB7_A_L74I,-0.3357321321964264,0.3447709381580353
rcsb_1GB6_A_I74N,rcsb_1GFK_A_N74I,-0.7478685975074768,0.7705977559089661
rcsb_1GB6_A_I74Y,rcsb_1GFH_A_Y74I,-0.4026206135749817,0.4553472101688385
rcsb_1GB7_A_L74V,rcsb_3FE0_A_V74L,-0.3623836934566498,0.34346845746040344
rcsb_1GB7_A_L74N,rcsb_1GFK_A_N74L,-0.42559343576431274,0.4234659671783447
rcsb_1GB8_A_M74V,rcsb_3FE0_A_V74M,0.15071293711662292,-0.1576734036207199
rcsb_1GB8_A_M74N,rcsb_1GFK_A_N74M,0.08872286975383759,-0.08879141509532928
rcsb_1GB8_A_M74S,rcsb_1B7S_A_S74M,0.25582852959632874,-0.26636990904808044
rcsb_1GB8_A_M74R,rcsb_1GFR_A_R74M,0.43299174308776855,-0.4232337772846222
rcsb_1GB9_A_F74M,rcsb_1GB8_A_M74F,-0.44299063086509705,0.4205068051815033
rcsb_1GB9_A_F74I,rcsb_1GB6_A_I74F,0.4768824279308319,-0.43010151386260986
rcsb_1GB9_A_F74Y,rcsb_1GFH_A_Y74F,0.02477811649441719,-0.024425456300377846
rcsb_1GB9_A_F74N,rcsb_1GFK_A_N74F,-0.35900411009788513,0.32952532172203064
rcsb_1GBO_A_G110R,rcsb_1INU_A_R110G,0.3257225453853607,-0.3197915256023407
rcsb_1GBO_A_G110M,rcsb_1GBY_A_M110G,-0.1622706651687622,0.1530979424715042
rcsb_1GBO_A_G110L,rcsb_1GBX_A_L110G,0.058195605874061584,-0.06228527054190636
rcsb_1GBO_A_G110Y,rcsb_1GFT_A_Y110G,-0.17447982728481293,0.17823585867881775
rcsb_1GBO_A_G110N,rcsb_1GFV_A_N110G,-0.2712429463863373,0.26891738176345825
rcsb_1GBO_A_G110I,rcsb_1GBW_A_I110G,-0.12368255108594894,0.10777363181114197
rcsb_1GBW_A_I110V,rcsb_3FE0_A_V110I,-0.5678524374961853,0.5699326992034912
rcsb_1GBW_A_I110L,rcsb_1GBX_A_L110I,0.17012031376361847,-0.17183725535869598
rcsb_1GBX_A_L110R,rcsb_1INU_A_R110L,0.2725204527378082,-0.2693100571632385
rcsb_1GBX_A_L110M,rcsb_1GBY_A_M110L,-0.21757565438747406,0.22221213579177856
rcsb_1GBX_A_L110P,rcsb_1LHH_A_P110L,-0.3157862424850464,0.3061055541038513
rcsb_1GBY_A_M110R,rcsb_1INU_A_R110M,0.48769086599349976,-0.4772370755672455
rcsb_1GBY_A_M110Y,rcsb_1GFT_A_Y110M,-0.009477831423282623,0.020867157727479935
rcsb_1GBZ_A_F110N,rcsb_1GFV_A_N110F,0.0944850891828537,-0.09542855620384216
rcsb_1GDW_A_G21R,rcsb_3FE0_A_R21G,-0.3355742394924164,0.333500474691391
rcsb_1GE1_A_A58G,rcsb_1B7R_A_G58A,-0.29242926836013794,0.29029062390327454
rcsb_1GE2_A_A78H,rcsb_3FE0_A_H78A,0.12178254872560501,-0.12282229959964752
rcsb_1GE4_A_A118G,rcsb_1GE3_A_G118A,1.1588120460510254,-1.1659950017929077
rcsb_1GE4_A_A118N,rcsb_3FE0_A_N118A,0.0793151706457138,-0.08043060451745987
rcsb_1GF4_A_T93V,rcsb_3FE0_A_V93T,0.8712042570114136,-0.8620669841766357
rcsb_1GF7_A_T100V,rcsb_3FE0_A_V100T,0.4669000506401062,-0.4659896194934845
rcsb_1GF8_A_S2V,rcsb_3FE0_A_V2S,1.672033429145813,-1.579745888710022
rcsb_1GFA_A_D2M,rcsb_1GB2_A_M2D,0.7412651777267456,-0.8158671855926514
rcsb_1GFA_A_D2V,rcsb_3FE0_A_V2D,1.5458000898361206,-1.5829828977584839
rcsb_1GFA_A_D2G,rcsb_1GAY_A_G2D,-0.8811906576156616,0.8420672416687012
rcsb_1GFA_A_D2L,rcsb_1GB0_A_L2D,1.352003812789917,-1.3734195232391357
rcsb_1GFA_A_D2S,rcsb_1GF8_A_S2D,-0.005711107514798641,0.010495790280401707
rcsb_1GFA_A_D2Y,rcsb_1GF9_A_Y2D,0.5892160534858704,-0.6169438362121582
rcsb_1GFE_A_N2R,rcsb_1GFG_A_R2N,0.8164902925491333,-0.8399494886398315
rcsb_1GFE_A_N2S,rcsb_1GF8_A_S2N,0.3549429774284363,-0.35916024446487427
rcsb_1GFJ_A_D74F,rcsb_1GB9_A_F74D,0.21062904596328735,-0.22349676489830017
rcsb_1GFJ_A_D74I,rcsb_1GB6_A_I74D,0.6483598947525024,-0.6263741254806519
rcsb_1GFJ_A_D74Y,rcsb_1GFH_A_Y74D,0.2390066683292389,-0.2471138834953308
rcsb_1GFK_A_N74S,rcsb_1B7S_A_S74N,0.16462476551532745,-0.18328046798706055
rcsb_1GFK_A_N74V,rcsb_3FE0_A_V74N,0.05972987413406372,-0.06952430307865143
rcsb_1GFR_A_R74Y,rcsb_1GFH_A_Y74R,0.009451283141970634,-0.017959101125597954
rcsb_1GFR_A_R74V,rcsb_3FE0_A_V74R,-0.2790074050426483,0.25385603308677673
rcsb_1GFU_A_D110V,rcsb_3FE0_A_V110D,-0.658394455909729,0.658622682094574
rcsb_1GFU_A_D110M,rcsb_1GBY_A_M110D,-0.13156746327877045,0.12978436052799225
rcsb_1GFU_A_D110N,rcsb_1GFV_A_N110D,-0.2421647608280182,0.24508905410766602
rcsb_1GFU_A_D110L,rcsb_1GBX_A_L110D,0.08365724980831146,-0.08595508337020874
rcsb_1GFV_A_N110Y,rcsb_1GFT_A_Y110N,0.09637004137039185,-0.0854506567120552
rcsb_1GT6_A_A146S,rcsb_1DT5_A_S146A,2.0475471019744873,-2.0496528148651123
rcsb_1GVD_A_L103V,rcsb_1GV5_A_V103L,-2.630213737487793,2.628371238708496
rcsb_1GVR_A_W102Y,rcsb_1VYS_X_Y102W,-1.5064122676849365,1.5140955448150635
rcsb_1H4A_X_H58R,rcsb_1HK0_X_R58H,1.2709497213363647,-1.291538119316101
rcsb_1H4H_A_A94E,rcsb_1H4G_B_E94A,0.5108069181442261,-0.4998474419116974
rcsb_1H8V_A_A35V,rcsb_1OA2_A_V35A,0.4178948998451233,-0.4046603739261627
rcsb_1HCH_A_S167Y,rcsb_2YLJ_A_Y167S,-1.326899766921997,1.318699598312378
rcsb_1HGW_A_A175D,rcsb_1QK0_A_D175A,1.8016868829727173,-1.8462715148925781
rcsb_1HJ8_A_A24P,rcsb_1UTJ_A_P24A,1.1780521869659424,-1.9354695081710815
rcsb_1HQ0_A_C866S,rcsb_1HZG_A_S866C,-0.3479176163673401,0.34757477045059204
rcsb_1HQ2_A_A82R,rcsb_1DY3_A_R82A,3.317216157913208,-3.342895984649658
rcsb_1HZ1_A_A16C,rcsb_1FYS_A_C16A,-0.7899743318557739,0.7893351912498474
rcsb_1HZI_A_A9E,rcsb_2B8U_A_E9A,-0.084662526845932,0.08154069632291794
rcsb_1I1Z_A_D86Q,rcsb_3FE0_A_Q86D,0.2301432192325592,-0.22789035737514496
rcsb_1I3F_A_S89V,rcsb_1BU4_A_V89S,4.32108736038208,-4.304123401641846
rcsb_1I3I_A_T78V,rcsb_1BU4_A_V78T,4.010469913482666,-4.004185676574707
rcsb_1I70_A_F86Y,rcsb_1LNI_A_Y86F,0.122682124376297,-0.1179983839392662
rcsb_1I8V_A_F80Y,rcsb_1LNI_A_Y80F,1.523643136024475,-1.517224669456482
rcsb_1INU_A_R110Y,rcsb_1GFT_A_Y110R,-0.4970189332962036,0.49549296498298645
rcsb_1IOT_A_L12M,rcsb_193L_A_M12L,0.07196597754955292,-0.07085331529378891
rcsb_1IOW_A_F216Y,rcsb_2DLN_A_Y216F,0.1501646786928177,-0.14012625813484192
rcsb_1IP2_A_A48G,rcsb_3FE0_A_G48A,-0.6834943294525146,0.6890162229537964
rcsb_1IP3_A_A68G,rcsb_3FE0_A_G68A,0.7972984313964844,-0.7878435254096985
rcsb_1IP4_A_A72G,rcsb_3FE0_A_G72A,-0.03023047372698784,0.016079701483249664
rcsb_1IP5_A_A105G,rcsb_3FE0_A_G105A,1.1973721981048584,-1.1777334213256836
rcsb_1IP6_A_A127G,rcsb_3FE0_A_G127A,0.6248038411140442,-0.6318274736404419
rcsb_1IX0_A_A59I,rcsb_2BQA_A_I59A,3.8793561458587646,-3.8392107486724854
rcsb_1IX0_A_A59V,rcsb_2BQE_A_V59A,2.258371114730835,-2.282921552658081
rcsb_1IZR_A_A46F,rcsb_3A1R_A_F46A,2.384890556335449,-2.3867127895355225
rcsb_1JGI_A_D537G,rcsb_1MVY_A_G537D,0.12379191070795059,-0.12230182439088821
rcsb_1JIO_A_A245S,rcsb_1JIP_A_S245A,0.5927145481109619,-0.6017200350761414
rcsb_1JIP_A_S245T,rcsb_1Z8Q_A_T245S,0.24171026051044464,-0.23761999607086182
rcsb_1JKA_A_D35E,rcsb_3FE0_A_E35D,0.9140493273735046,-0.9533103108406067
rcsb_1KAB_A_G116K,rcsb_1EY0_A_K116G,-0.11573343724012375,0.1363200545310974
rcsb_1KB3_A_A195R,rcsb_3BAI_A_R195A,0.5116649866104126,-0.5052608847618103
rcsb_1KBK_A_A197D,rcsb_3BAI_A_D197A,-0.24037767946720123,0.23475374281406403
rcsb_1KCK_A_G193N,rcsb_1CDG_A_N193G,0.5119155049324036,-0.5210973620414734
rcsb_1KGU_A_A337R,rcsb_3BAI_A_R337A,0.5052533149719238,-0.5176844000816345
rcsb_1KOK_A_H52Y,rcsb_1MK8_A_Y52H,0.27864423394203186,-0.2808903753757477
rcsb_1KOK_A_N184R,rcsb_5EJT_A_R184N,0.043912287801504135,-0.04889311268925667
rcsb_1KQY_A_A127E,rcsb_1KR0_A_E127A,-1.7100529670715332,1.7096638679504395
rcsb_1KVA_A_A134N,rcsb_1KVC_A_N134A,-0.8426356315612793,0.8521389961242676
rcsb_1KVX_A_A99D,rcsb_1BP2_A_D99A,1.7662708759307861,-1.7864629030227661
rcsb_1KXW_A_D27N,rcsb_193L_A_N27D,-0.5496121644973755,0.5513027906417847
rcsb_1L01_A_A155T,rcsb_1L10_A_T155A,1.4267432689666748,-1.4331339597702026
rcsb_1L02_A_A157C,rcsb_1L03_A_C157A,0.5451090335845947,-0.508991539478302
rcsb_1L02_A_A157E,rcsb_1L06_A_E157A,0.0020101608242839575,-0.001965781208127737
rcsb_1L02_A_A157L,rcsb_1L11_A_L157A,0.23690299689769745,-0.21423885226249695
rcsb_1L02_A_A157H,rcsb_1L09_A_H157A,0.042992003262043,-0.04437926411628723
rcsb_1L02_A_A157N,rcsb_1L12_A_N157A,1.1212093830108643,-1.1529974937438965
rcsb_1L03_A_C157R,rcsb_1L13_A_R157C,0.1890236735343933,-0.18685105443000793
rcsb_1L03_A_C157L,rcsb_1L11_A_L157C,-0.29399386048316956,0.2868483364582062
rcsb_1L03_A_C157H,rcsb_1L09_A_H157C,-0.47557759284973145,0.5045701861381531
rcsb_1L03_A_C157E,rcsb_1L06_A_E157C,-0.5067182779312134,0.5571109652519226
rcsb_1L03_A_C157I,rcsb_1L10_A_I157C,-0.04721956327557564,0.04811627045273781
rcsb_1L04_A_D157V,rcsb_1L15_A_V157D,-0.5412911772727966,0.5273829102516174
rcsb_1L04_A_D157F,rcsb_1L07_A_F157D,-0.5005910992622375,0.49841251969337463
rcsb_1L04_A_D157T,rcsb_1LYD_A_T157D,1.1125723123550415,-1.0509626865386963
rcsb_1L04_A_D157I,rcsb_1L10_A_I157D,-0.05777320638298988,0.060922179371118546
rcsb_1L04_A_D157G,rcsb_1L08_A_G157D,-0.6941692233085632,0.6936525106430054
rcsb_1L04_A_D157S,rcsb_1L14_A_S157D,0.7686280012130737,-0.7444185018539429
rcsb_1L06_A_E157G,rcsb_1L08_A_G157E,-0.12733396887779236,0.12666629254817963
rcsb_1L06_A_E157N,rcsb_1L12_A_N157E,1.1450570821762085,-1.1525667905807495
rcsb_1L06_A_E157R,rcsb_1L13_A_R157E,0.7470245957374573,-0.721632719039917
rcsb_1L06_A_E157S,rcsb_1L14_A_S157E,1.3236218690872192,-1.2949596643447876
rcsb_1L07_A_F157I,rcsb_1L10_A_I157F,0.43930554389953613,-0.4393083155155182
rcsb_1L07_A_F157G,rcsb_1L08_A_G157F,-0.19224713742733002,0.19367562234401703
rcsb_1L07_A_F157N,rcsb_1L12_A_N157F,1.0671988725662231,-1.0835258960723877
rcsb_1L07_A_F157V,rcsb_1L15_A_V157F,-0.03751745447516441,0.035601601004600525
rcsb_1L07_A_F157S,rcsb_1L14_A_S157F,1.2460267543792725,-1.2329442501068115
rcsb_1L08_A_G157L,rcsb_1L11_A_L157G,0.3665217161178589,-0.3320910334587097
rcsb_1L08_A_G157H,rcsb_1L09_A_H157G,0.17131341993808746,-0.17018529772758484
rcsb_1L08_A_G157T,rcsb_1LYD_A_T157G,1.8055702447891235,-1.7274296283721924
rcsb_1L08_A_G157V,rcsb_1L15_A_V157G,0.15544134378433228,-0.1503630429506302
rcsb_1L08_A_G157I,rcsb_1L10_A_I157G,0.6339194774627686,-0.6302874684333801
rcsb_1L09_A_H157L,rcsb_1L11_A_L157H,0.19609786570072174,-0.1828794628381729
rcsb_1L09_A_H157T,rcsb_1LYD_A_T157H,1.59507155418396,-1.564687728881836
rcsb_1L09_A_H157S,rcsb_1L14_A_S157H,1.2611831426620483,-1.2550231218338013
rcsb_1L09_A_H157N,rcsb_1L12_A_N157H,1.0831751823425293,-1.1049607992172241
rcsb_1L09_A_H157V,rcsb_1L15_A_V157H,-0.015536447986960411,0.015495634637773037
rcsb_1L10_A_I157N,rcsb_1L12_A_N157I,0.6241337656974792,-0.6421075463294983
rcsb_1L10_A_I157V,rcsb_1L15_A_V157I,-0.47587358951568604,0.4650667607784271
rcsb_1L10_A_I157L,rcsb_1L11_A_L157I,-0.265119343996048,0.241150364279747
rcsb_1L10_A_I157R,rcsb_1L13_A_R157I,0.23303601145744324,-0.2335951179265976
rcsb_1L11_A_L157T,rcsb_1LYD_A_T157L,1.3705289363861084,-1.3717761039733887
rcsb_1L12_A_N157R,rcsb_1L13_A_R157N,-0.3969970643520355,0.38789090514183044
rcsb_1L12_A_N157V,rcsb_1L15_A_V157N,-1.1236894130706787,1.0886528491973877
rcsb_1L12_A_N157T,rcsb_1LYD_A_T157N,0.5307126045227051,-0.4928436577320099
rcsb_1L13_A_R157V,rcsb_1L15_A_V157R,-0.6990355253219604,0.6999270915985107
rcsb_1L14_A_S157V,rcsb_1L15_A_V157S,-1.2699791193008423,1.2656834125518799
rcsb_1L14_A_S157T,rcsb_1LYD_A_T157S,0.3361794948577881,-0.31890869140625
rcsb_1L16_A_D156G,rcsb_1LYD_A_G156D,2.0894935131073,-2.185854434967041
rcsb_1L17_A_V3Y,rcsb_1L18_A_Y3V,-1.129624843597412,1.1147042512893677
rcsb_1L22_A_G124K,rcsb_1LYD_A_K124G,-0.32617583870887756,0.3368352949619293
rcsb_1L25_A_A86C,rcsb_1L26_A_C86A,0.10535988956689835,-0.10602103173732758
rcsb_1L25_A_A86S,rcsb_1L32_A_S86A,0.1285405308008194,-0.126048743724823
rcsb_1L25_A_A86G,rcsb_1L28_A_G86A,-0.2909037172794342,0.2880822420120239
rcsb_1L25_A_A86P,rcsb_1LYD_A_P86A,0.6354379653930664,-0.6311366558074951
rcsb_1L26_A_C86H,rcsb_1L29_A_H86C,-0.4314453899860382,0.43218737840652466
rcsb_1L26_A_C86G,rcsb_1L28_A_G86C,-0.4003586173057556,0.38953712582588196
rcsb_1L26_A_C86P,rcsb_1LYD_A_P86C,0.5325864553451538,-0.5302858352661133
rcsb_1L27_A_D86R,rcsb_1L31_A_R86D,-0.6240965127944946,0.6377002596855164
rcsb_1L27_A_D86G,rcsb_1L28_A_G86D,-0.6035586595535278,0.6027512550354004
rcsb_1L27_A_D86S,rcsb_1L32_A_S86D,-0.19335207343101501,0.1843239814043045
rcsb_1L28_A_G86R,rcsb_1L31_A_R86G,-0.01898954249918461,0.016227304935455322
rcsb_1L29_A_H86P,rcsb_1LYD_A_P86H,0.9672632217407227,-0.949402391910553
rcsb_1L29_A_H86S,rcsb_1L32_A_S86H,0.45415350794792175,-0.4377376139163971
rcsb_1L30_A_L86R,rcsb_1L31_A_R86L,-0.4228884279727936,0.425185889005661
rcsb_1L31_A_R86S,rcsb_1L32_A_S86R,0.442062646150589,-0.43194326758384705
rcsb_1L33_A_A131V,rcsb_1LYD_A_V131A,-0.5677390694618225,0.5765852928161621
rcsb_1L34_A_H96V,rcsb_3CDO_B_V96H,0.6401185393333435,-0.6408151388168335
rcsb_1L34_A_H96Q,rcsb_3CDR_A_Q96H,4.717616558074951,-4.826443672180176
rcsb_1L34_A_H96S,rcsb_3CDQ_A_S96H,0.583098828792572,-0.5853292942047119
rcsb_1L42_A_E16K,rcsb_1LYD_A_K16E,0.4037059247493744,-0.40168824791908264
rcsb_1L44_A_E119R,rcsb_1LYD_A_R119E,-0.4241102635860443,0.4288161098957062
rcsb_1L45_A_E135K,rcsb_1LYD_A_K135E,0.3053310811519623,-0.31896573305130005
rcsb_1L47_A_E154R,rcsb_1LYD_A_R154E,0.2961789667606354,-0.2983100712299347
rcsb_1L50_A_C149V,rcsb_1L49_A_V149C,2.9406239986419678,-2.9183263778686523
rcsb_1L97_A_P3V,rcsb_1L17_A_V3P,1.7787206172943115,-1.8105263710021973
rcsb_1L99_A_G105Q,rcsb_1LYD_A_Q105G,2.0045697689056396,-2.0144765377044678
rcsb_1LHH_A_P110R,rcsb_1INU_A_R110P,0.5736883282661438,-0.5728150010108948
rcsb_1LHH_A_P110V,rcsb_3FE0_A_V110P,-0.43479862809181213,0.4421387016773224
rcsb_1LHI_A_G71P,rcsb_3FE0_A_P71G,0.9307215213775635,-0.8376240730285645
rcsb_1LHJ_A_G103P,rcsb_3FE0_A_P103G,0.1969597041606903,-0.19985152781009674
rcsb_1LI0_A_I69M,rcsb_5HVI_A_M69I,0.13339847326278687,-0.1314815878868103
rcsb_1LOV_A_A58E,rcsb_1BU4_A_E58A,1.105210304260254,-1.130013108253479
rcsb_1LOW_A_A40K,rcsb_2AAD_A_K40A,0.3911106288433075,-0.36742356419563293
rcsb_1LQX_A_E45Y,rcsb_1LR6_A_Y45E,0.19988955557346344,-0.19735991954803467
rcsb_1LQX_A_E45V,rcsb_1EHB_A_V45E,1.5313597917556763,-1.5131564140319824
rcsb_1LUE_A_D64H,rcsb_1MLF_A_H64D,0.05719072371721268,-0.06001041457056999
rcsb_1LUE_A_A68S,rcsb_1O16_A_S68A,-0.8278149962425232,0.8335203528404236
rcsb_1LYD_A_I3P,rcsb_1L97_A_P3I,-2.2540230751037598,2.25160813331604
rcsb_1LYD_A_A82P,rcsb_1L24_A_P82A,0.7942318916320801,-0.8081353902816772
rcsb_1LYD_A_P86R,rcsb_1L31_A_R86P,-0.9389248490333557,0.9550215005874634
rcsb_1LYD_A_P86S,rcsb_1L32_A_S86P,-0.508259654045105,0.509226381778717
rcsb_1LZG_A_F62W,rcsb_193L_A_W62F,-0.10658152401447296,0.10173145681619644
rcsb_1LZS_A_E7Q,rcsb_1EQ4_A_Q7E,-0.26427197456359863,0.2665303647518158
rcsb_1LZS_A_T11V,rcsb_1CJ7_A_V11T,0.6782565116882324,-0.6701883673667908
rcsb_1LZS_A_T40V,rcsb_1CJ9_A_V40T,-1.6957498788833618,1.7149696350097656
rcsb_1LZS_A_T70V,rcsb_1CKH_A_V70T,-1.135741114616394,1.0992377996444702
rcsb_1LZS_A_A96M,rcsb_1B7M_A_M96A,-0.23192048072814941,0.24219076335430145
rcsb_1LZS_A_D102N,rcsb_1EQ5_A_N102D,0.015518021769821644,-0.02847539819777012
rcsb_1LZS_A_D120N,rcsb_1EQE_A_N120D,-0.5796709060668945,0.6156291365623474
rcsb_1LZV_A_H7Y,rcsb_4KUV_A_Y7H,2.586092472076416,-2.4793221950531006
rcsb_1M2G_A_H80N,rcsb_1M2J_A_N80H,-0.9205477237701416,0.9162583351135254
rcsb_1M2H_A_A24S,rcsb_1M2G_A_S24A,1.9593216180801392,-1.9767717123031616
rcsb_1M6C_A_N68V,rcsb_1MWC_A_V68N,1.7224522829055786,-1.7398978471755981
rcsb_1MLF_A_A68V,rcsb_109M_A_V68A,0.8629072308540344,-0.8778231739997864
rcsb_1MLF_A_A68W,rcsb_2OH9_A_W68A,0.4168585538864136,-0.41596779227256775
rcsb_1MLF_A_A68I,rcsb_1MLM_A_I68A,1.617964267730713,-1.6653109788894653
rcsb_1MLQ_A_L68W,rcsb_2OH9_A_W68L,-0.7412198185920715,0.7465982437133789
rcsb_1MN1_A_E35Q,rcsb_1MN2_A_Q35E,-0.08844500035047531,0.08639788627624512
rcsb_1MOB_A_G64H,rcsb_109M_A_H64G,0.3415355682373047,-0.3396577537059784
rcsb_1MOB_A_G64Y,rcsb_1MGN_A_Y64G,1.0505203008651733,-1.0545793771743774
rcsb_1MPB_A_R230W,rcsb_1ANF_A_W230R,1.1926746368408203,-1.4438143968582153
rcsb_1MWC_A_K45S,rcsb_1MYI_A_S45K,-0.46326303482055664,0.44688695669174194
rcsb_1N42_A_E149R,rcsb_1A8A_A_R149E,0.47337526082992554,-0.43342524766921997
rcsb_1N7N_A_F343V,rcsb_1N7P_A_V343F,-0.2324451059103012,0.24391992390155792
rcsb_1N7X_A_E45Y,rcsb_1A8E_A_Y45E,1.199367642402649,-1.3350841999053955
rcsb_1NE9_A_K36M,rcsb_1XE4_A_M36K,0.2913465201854706,-0.2904227674007416
rcsb_1NIS_A_R647S,rcsb_1ACO_A_S647R,0.39299696683883667,-0.392184853553772
rcsb_1NM9_A_A58L,rcsb_1JXJ_A_L58A,1.2611057758331299,-1.2334582805633545
rcsb_1NTF_A_A21V,rcsb_4L1Y_A_V21A,0.7680509090423584,-0.8393335938453674
rcsb_1NZD_A_A100D,rcsb_1JG6_A_D100A,1.2995301485061646,-1.388826847076416
rcsb_1OFJ_A_H29L,rcsb_2MGC_A_L29H,1.4539748430252075,-1.4211801290512085
rcsb_1OIB_A_D141T,rcsb_2ABH_A_T141D,0.6035881638526917,-0.5974564552307129
rcsb_1OQH_A_A124R,rcsb_1A8E_A_R124A,-0.42870306968688965,0.3825455605983734
rcsb_1OUB_A_A100T,rcsb_1GF7_A_T100A,0.46274682879447937,-0.45799463987350464
rcsb_1OUC_A_A110G,rcsb_1GBO_A_G110A,0.14429453015327454,-0.14328250288963318
rcsb_1OUC_A_A110Y,rcsb_1GFT_A_Y110A,-0.03467240184545517,0.036195576190948486
rcsb_1OUC_A_A110I,rcsb_1GBW_A_I110A,0.020077437162399292,-0.030038295313715935
rcsb_1OUC_A_A110F,rcsb_1GBZ_A_F110A,-0.21850761771202087,0.21708033978939056
rcsb_1OUG_A_A2R,rcsb_1GFG_A_R2A,0.42481520771980286,-0.4894844889640808
rcsb_1OUG_A_A2M,rcsb_1GB2_A_M2A,0.70069420337677,-0.8193802833557129
rcsb_1OUG_A_A2N,rcsb_1GFE_A_N2A,-0.3372073769569397,0.34882017970085144
rcsb_1OUG_A_A2Y,rcsb_1GF9_A_Y2A,0.5393162965774536,-0.6355928182601929
rcsb_1OUH_A_A74L,rcsb_1GB7_A_L74A,0.2874529957771301,-0.27341318130493164
rcsb_1OUH_A_A74R,rcsb_1GFR_A_R74A,0.18967708945274353,-0.18562307953834534
rcsb_1OUH_A_A74F,rcsb_1GB9_A_F74A,0.18391446769237518,-0.18286916613578796
rcsb_1OUI_A_A93T,rcsb_1GF4_A_T93A,0.04672068729996681,-0.051088716834783554
rcsb_1P2L_A_I87V,rcsb_219L_A_V87I,-0.14650101959705353,0.1444007158279419
rcsb_1P7S_A_I103V,rcsb_219L_A_V103I,-0.16626860201358795,0.16595318913459778
rcsb_1PAH_A_A313T,rcsb_1TDW_A_T313A,-0.8924891352653503,0.9130344390869141
rcsb_1PAM_A_F283Y,rcsb_1V3K_A_Y283F,0.1480310559272766,-0.14655719697475433
rcsb_1PAM_A_F283L,rcsb_1V3J_A_L283F,-0.11839190870523453,0.12966428697109222
rcsb_1PC4_A_A50P,rcsb_1AXQ_A_P50A,0.8534030318260193,-1.054590106010437
rcsb_1PC5_A_G50P,rcsb_1AXQ_A_P50G,0.9044317603111267,-1.033514142036438
rcsb_1PI4_A_A289N,rcsb_4E3I_A_N289A,0.03565945476293564,-0.0668143704533577
rcsb_1PQD_A_L102M,rcsb_1P37_A_M102L,1.3968032598495483,-1.3746449947357178
rcsb_1PQD_A_A111V,rcsb_1PQJ_A_V111A,0.6935064792633057,-0.6943830251693726
rcsb_1PQO_A_I118L,rcsb_219L_A_L118I,0.6291666030883789,-0.5970908999443054
rcsb_1Q36_A_A313D,rcsb_2AA9_A_D313A,0.5676878690719604,-0.5689060688018799
rcsb_1Q9E_A_N46Q,rcsb_1CH0_A_Q46N,-0.03474085405468941,0.033014602959156036
rcsb_1QGI_A_K218P,rcsb_2D05_A_P218K,-0.011505426838994026,0.061397675424814224
rcsb_1QGY_A_E75R,rcsb_1E62_A_R75E,0.15711510181427002,-0.1311379373073578
rcsb_1QGY_A_E75S,rcsb_1E63_A_S75E,0.025554759427905083,0.011511767283082008
rcsb_1QH0_A_D76L,rcsb_1QGZ_A_L76D,0.6004830598831177,-0.5875647068023682
rcsb_1QOF_A_K70Q,rcsb_1CZP_A_Q70K,-0.4782316982746124,0.44719696044921875
rcsb_1QOG_A_A47S,rcsb_1CZP_A_S47A,0.3538580536842346,-0.3526257276535034
rcsb_1QSB_A_C98S,rcsb_125L_A_S98C,-0.4445425570011139,0.5133966207504272
rcsb_1QT3_A_D26T,rcsb_219L_A_T26D,1.5593793392181396,-1.5669164657592773
rcsb_1QT5_A_E20N,rcsb_255L_A_N20E,1.1833182573318481,-1.178916573524475
rcsb_1QTH_A_M98V,rcsb_1QS9_A_V98M,0.8103171586990356,-0.9007253646850586
rcsb_1QTZ_A_C20D,rcsb_219L_A_D20C,-1.061665654182434,1.0647481679916382
rcsb_1QUD_A_G99M,rcsb_1L93_A_M99G,3.9075071811676025,-3.894761323928833
rcsb_1QUD_A_G99I,rcsb_1L92_A_I99G,3.5525221824645996,-3.498924493789673
rcsb_1QUI_A_G137T,rcsb_1QUL_A_T137G,0.32783791422843933,-0.3281323313713074
rcsb_1R1N_A_I187V,rcsb_1O7T_A_V187I,-0.830899178981781,0.8382854461669922
rcsb_1RBS_A_A62P,rcsb_1RBR_A_P62A,1.0597593784332275,-1.063621163368225
rcsb_1RBS_A_A62H,rcsb_2RN2_A_H62A,-0.7720698118209839,0.770327091217041
rcsb_1RGC_A_K25Q,rcsb_1RLS_A_Q25K,-0.5118144154548645,0.5137037038803101
rcsb_1RGC_A_H40K,rcsb_2AAD_A_K40H,0.3934786021709442,-0.3774513900279999
rcsb_1RGC_A_H92Q,rcsb_4BIR_A_Q92H,0.026778073981404305,-0.027549665421247482
rcsb_1RSE_A_D92S,rcsb_1AZI_A_S92D,0.21605999767780304,-0.2133064866065979
rcsb_1S51_A_S24V,rcsb_1S52_A_V24S,-0.30274611711502075,0.31473132967948914
rcsb_1S54_A_A24S,rcsb_1S51_A_S24A,-0.322177529335022,0.3345293402671814
rcsb_1SAR_A_C72T,rcsb_1LNI_A_T72C,0.2873278856277466,-0.2925054430961609
rcsb_1SF3_A_A94P,rcsb_1AAJ_A_P94A,-0.21301306784152985,0.2155316025018692
rcsb_1SFD_A_F94P,rcsb_1AAJ_A_P94F,-0.41832229495048523,0.3855862617492676
rcsb_1SQM_A_A563R,rcsb_3CHO_A_R563A,-0.6793054342269897,0.6774081587791443
rcsb_1T2H_A_W81Y,rcsb_1LNI_A_Y81W,0.41693463921546936,-0.40782254934310913
rcsb_1T7A_A_D10G,rcsb_1ZVE_A_G10D,-0.7339556813240051,0.7165160179138184
rcsb_1T7Q_A_A565F,rcsb_2H3P_A_F565A,0.8505585789680481,-0.8873414993286133
rcsb_1TAY_A_A63L,rcsb_1D6P_A_L63A,0.025705136358737946,-0.02368883229792118
rcsb_1TCM_A_A616W,rcsb_1CDG_A_W616A,0.9716639518737793,-0.9565859436988831
rcsb_1TCY_A_F63L,rcsb_1D6P_A_L63F,-0.19652602076530457,0.1905607134103775
rcsb_1TEF_A_D8G,rcsb_1TEG_A_G8D,-0.06570884585380554,0.06952628493309021
rcsb_1TG3_A_H62N,rcsb_5E2S_A_N62H,0.5188015103340149,-0.5578792095184326
rcsb_1THV_A_D113N,rcsb_5A47_A_N113D,0.06482355296611786,-0.024056896567344666
rcsb_1TS2_A_A128T,rcsb_2QIL_A_T128A,0.22682447731494904,-0.22720004618167877
rcsb_1UCI_A_T2V,rcsb_1LNI_A_V2T,0.38563767075538635,-0.38601329922676086
rcsb_1UCJ_A_T36V,rcsb_1LNI_A_V36T,1.6146665811538696,-1.6033493280410767
rcsb_1UCK_A_T43V,rcsb_1LNI_A_V43T,0.46410396695137024,-0.46877554059028625
rcsb_1UD3_A_H289N,rcsb_1UD2_A_N289H,-1.1653372049331665,1.1893010139465332
rcsb_1UFP_A_D122N,rcsb_109M_A_N122D,-0.855003297328949,0.8823915123939514
rcsb_1UGA_A_F65S,rcsb_1UGD_A_S65F,1.360145926475525,-1.354332685470581
rcsb_1UGA_A_F65H,rcsb_1UGC_A_H65F,-1.0147379636764526,1.006338357925415
rcsb_1UGA_A_F65G,rcsb_1UGB_A_G65F,-0.3952498733997345,0.3888911008834839
rcsb_1UGB_A_G65T,rcsb_1UGF_A_T65G,0.9305227994918823,-0.9182885885238647
rcsb_1UGB_A_G65L,rcsb_1UGE_A_L65G,-0.37008413672447205,0.37541860342025757
rcsb_1UGE_A_L65S,rcsb_1UGD_A_S65L,2.139286756515503,-2.0879454612731934
rcsb_1UIC_A_A15V,rcsb_1UIF_A_V15A,0.01791214570403099,-0.03370526432991028
rcsb_1UIC_A_A15F,rcsb_1UID_A_F15A,0.5874549746513367,-0.5941627025604248
rcsb_1UIC_A_A15G,rcsb_1UIE_A_G15A,-0.5944320559501648,0.6002638339996338
rcsb_1UID_A_F15G,rcsb_1UIE_A_G15F,-1.1853059530258179,1.1881370544433594
rcsb_1UID_A_F15V,rcsb_1UIF_A_V15F,-0.5708941221237183,0.560282289981842
rcsb_1UIE_A_G15H,rcsb_193L_A_H15G,0.16371072828769684,-0.15854297578334808
rcsb_1UIP_A_E238H,rcsb_1A4M_A_H238E,0.1162390485405922,-0.11187973618507385
rcsb_1UN4_A_A80T,rcsb_5EOP_A_T80A,2.284867525100708,-2.194230556488037
rcsb_1VA5_A_G156S,rcsb_1DQY_A_S156G,0.16658996045589447,-0.1863521784543991
rcsb_1VEN_A_E164F,rcsb_1VEO_A_F164E,0.7155691981315613,-0.6975932717323303
rcsb_1VZ3_A_C597T,rcsb_4AMY_A_T597C,-0.15538270771503448,0.15261997282505035
rcsb_1WCQ_A_F370G,rcsb_2BER_A_G370F,-0.8093042373657227,0.8531189560890198
rcsb_1WEG_A_A142Q,rcsb_1KG5_A_Q142A,0.4862138628959656,-0.4978940188884735
rcsb_1WOY_A_F225Y,rcsb_1A8H_A_Y225F,1.1773545742034912,-1.1883901357650757
rcsb_1WQP_A_F45Y,rcsb_3FE0_A_Y45F,-0.28184273838996887,0.26880118250846863
rcsb_1WQQ_A_F54Y,rcsb_3FE0_A_Y54F,1.2158585786819458,-1.2124937772750854
rcsb_1XF8_A_F254Y,rcsb_1NE9_A_Y254F,1.1016541719436646,-1.0845966339111328
rcsb_1YMR_A_A92G,rcsb_1YMW_A_G92A,-0.7069193720817566,0.6752942204475403
rcsb_1YMW_A_G92L,rcsb_1YMN_A_L92G,0.43857863545417786,-0.42483222484588623
rcsb_1YPA_I_A31G,rcsb_1YPB_I_G31A,-0.2317608892917633,0.23103496432304382
rcsb_1YPA_I_A31S,rcsb_1YPC_I_S31A,0.4620433747768402,-0.4716733694076538
rcsb_1YPB_I_G31S,rcsb_1YPC_I_S31G,0.705763041973114,-0.7063003182411194
rcsb_1Z32_X_M151Y,rcsb_1C8Q_A_Y151M,1.4537690877914429,-1.4648187160491943
rcsb_1ZG6_A_G70S,rcsb_1AXB_A_S70G,2.8344357013702393,-2.7698683738708496
rcsb_1ZU3_A_A8K,rcsb_1SN1_A_K8A,0.22527353465557098,-0.1033182293176651
rcsb_1ZVQ_A_G61L,rcsb_2RGD_A_L61G,-0.1075529232621193,0.12412911653518677
rcsb_219L_A_E11N,rcsb_1QT7_A_N11E,0.23740948736667633,-0.23535802960395813
rcsb_219L_A_D20N,rcsb_255L_A_N20D,0.8564109802246094,-0.8586426973342896
rcsb_219L_A_A41C,rcsb_2Q9D_A_C41A,0.38643115758895874,-0.38427358865737915
rcsb_219L_A_A82C,rcsb_1ZYT_A_C82A,0.5628133416175842,-0.552506148815155
rcsb_219L_A_T152V,rcsb_1G0L_A_V152T,-0.3823782205581665,0.3807995915412903
rcsb_237L_A_A149V,rcsb_219L_A_V149A,3.8139586448669434,-3.8135814666748047
rcsb_242L_A_A50I,rcsb_219L_A_I50A,2.674077033996582,-2.6791372299194336
rcsb_253L_A_A20C,rcsb_1QTZ_A_C20A,1.0721526145935059,-1.0640541315078735
rcsb_253L_A_A20N,rcsb_255L_A_N20A,0.8676691055297852,-0.8637570142745972
rcsb_253L_A_A20S,rcsb_254L_A_S20A,0.7382451891899109,-0.7419269680976868
rcsb_255L_A_N20S,rcsb_254L_A_S20N,-0.1255655139684677,0.12324568629264832
rcsb_2A49_A_A166E,rcsb_5EE8_A_E166A,1.3864113092422485,-1.3595621585845947
rcsb_2ABH_A_D137T,rcsb_1QUL_A_T137D,-0.8604034781455994,0.8134047985076904
rcsb_2ABH_A_D137N,rcsb_1QUK_A_N137D,-1.626310110092163,1.6322022676467896
rcsb_2AC4_A_C183H,rcsb_1DOZ_A_H183C,0.16436265408992767,-0.16332685947418213
rcsb_2ACU_A_H48Y,rcsb_2ACQ_A_Y48H,0.6309086084365845,-0.6114510893821716
rcsb_2AG9_A_S139Y,rcsb_2AG2_A_Y139S,2.457282304763794,-2.436370611190796
rcsb_2AT0_X_L123V,rcsb_2AT3_X_V123L,-0.28533032536506653,0.2664056718349457
rcsb_2AT5_X_D30N,rcsb_1SXU_A_N30D,1.0208925008773804,-1.0491739511489868
rcsb_2AT5_X_T121V,rcsb_1SY0_A_V121T,0.3287770748138428,-0.350298136472702
rcsb_2B46_X_S147T,rcsb_2B45_X_T147S,-0.8356107473373413,0.8271312117576599
rcsb_2B6T_A_A99L,rcsb_5KHZ_A_L99A,4.171454429626465,-4.250920295715332
rcsb_2B6T_A_A99I,rcsb_1L92_A_I99A,3.3961782455444336,-3.3051083087921143
rcsb_2B6T_A_E108V,rcsb_1QUO_A_V108E,0.5671128034591675,-0.5566834211349487
rcsb_2B91_A_A85R,rcsb_2B8X_A_R85A,-0.02640213444828987,0.02541854977607727
rcsb_2BEN_A_A54Y,rcsb_2BEM_A_Y54A,0.8985121846199036,-0.9064815044403076
rcsb_2BQA_A_I23V,rcsb_2BQC_A_V23I,-0.38827934861183167,0.38789236545562744
rcsb_2BQA_A_I56V,rcsb_2BQD_A_V56I,-2.0736639499664307,2.0718023777008057
rcsb_2BQA_A_I59V,rcsb_2BQE_A_V59I,-1.6300171613693237,1.635560154914856
rcsb_2BQN_A_A93V,rcsb_2BQA_A_V93A,1.1005045175552368,-1.0918349027633667
rcsb_2BVV_A_F69Y,rcsb_1BVV_A_Y69F,0.5968876481056213,-0.6031046509742737
rcsb_2C2S_A_L22R,rcsb_1U71_A_R22L,-2.6603078842163086,2.670473098754883
rcsb_2C2S_A_L22Y,rcsb_1DLS_A_Y22L,-2.3351595401763916,2.392615795135498
rcsb_2C2S_A_F31S,rcsb_1HFQ_A_S31F,-0.9040592908859253,0.9186015129089355
rcsb_2C2S_A_K63R,rcsb_3NXO_A_R63K,0.09091094136238098,-0.09814918786287308
rcsb_2CL2_A_E115S,rcsb_2WLQ_A_S115E,0.47564131021499634,-0.4678749442100525
rcsb_2D02_A_Q52R,rcsb_4B9O_A_R52Q,-0.07280106842517853,0.06659257411956787
rcsb_2D44_A_A221E,rcsb_1WD3_A_E221A,-0.4019177258014679,0.40239980816841125
rcsb_2D48_A_D13T,rcsb_2B8U_A_T13D,0.013807027600705624,-0.015646208077669144
rcsb_2D54_A_A225Y,rcsb_1A8H_A_Y225A,1.6196842193603516,-1.7331541776657104
rcsb_2D81_A_A39S,rcsb_2D80_A_S39A,2.1201400756835938,-2.163475513458252
rcsb_2DG4_A_F59L,rcsb_2DG9_A_L59F,-0.5716654062271118,0.5547621250152588
rcsb_2EA4_A_I347V,rcsb_5CLS_A_V347I,0.26395976543426514,-0.29494088888168335
rcsb_2EIB_A_H290W,rcsb_2EIE_A_W290H,1.0659414529800415,-1.059404969215393
rcsb_2EID_A_G290W,rcsb_2EIE_A_W290G,1.6873488426208496,-1.6290596723556519
rcsb_2EIE_A_C383S,rcsb_1T2X_A_S383C,-0.7581507563591003,0.7492350935935974
rcsb_2EVK_A_G93H,rcsb_1BZ6_A_H93G,0.07418456673622131,-0.060104724019765854
rcsb_2EWU_A_H20Y,rcsb_2EWI_A_Y20H,1.8125110864639282,-1.8051724433898926
rcsb_2EWU_A_H20M,rcsb_2YYW_A_M20H,0.9216977953910828,-0.9092293977737427
rcsb_2EXV_A_A7F,rcsb_351C_A_F7A,-1.5295716524124146,1.503771185874939
rcsb_2F4Y_A_L87V,rcsb_1BSE_A_V89L,0.5684414505958557,-0.44803130626678467
rcsb_2FAX_A_A137N,rcsb_2FOX_A_N137A,-0.09375857561826706,0.0914241299033165
rcsb_2FD2_A_A24C,rcsb_1AXQ_A_C24A,-0.5086687803268433,0.5184725522994995
rcsb_2FFN_A_F20H,rcsb_2EWU_A_H20F,-3.105437755584717,3.0960144996643066
rcsb_2FFN_A_F20Y,rcsb_2EWI_A_Y20F,-1.281719446182251,1.2811267375946045
rcsb_2FFN_A_H25M,rcsb_2YXC_A_M25H,-0.4299183487892151,0.4098101258277893
rcsb_2FGL_A_F4W,rcsb_5EB8_A_W4F,-0.10600517690181732,0.22956787049770355
rcsb_2FOX_A_G57T,rcsb_1FLD_A_T57G,-0.3143002390861511,0.33550965785980225
rcsb_2G0R_A_F29W,rcsb_1LTW_A_W29F,-1.1610723733901978,1.1616336107254028
rcsb_2G6P_A_F309M,rcsb_4U6W_A_M309F,-1.075345754623413,1.0708534717559814
rcsb_2GKE_A_C73S,rcsb_2Q9H_A_S73C,-1.657434344291687,1.5778584480285645
rcsb_2GKT_I_A32G,rcsb_2GKR_I_G32A,-0.9554839134216309,0.9536324143409729
rcsb_2GQX_A_A244L,rcsb_1J51_A_L244A,0.4048358201980591,-0.416404664516449
rcsb_2H3W_A_A554S,rcsb_1T7N_A_S554A,1.0512818098068237,-0.9217960834503174
rcsb_2HEA_A_A106I,rcsb_3FE0_A_I106A,0.8555607199668884,-0.857337474822998
rcsb_2HEB_A_A23I,rcsb_3FE0_A_I23A,1.2240965366363525,-1.2288029193878174
rcsb_2HEC_A_A56T,rcsb_1LOZ_A_T56A,-0.01671607419848442,0.016883885487914085
rcsb_2HEC_A_A56F,rcsb_2MEA_A_F56A,1.872017741203308,-1.8760205507278442
rcsb_2HEC_A_A56V,rcsb_1YAO_A_V56A,2.851085662841797,-2.850487470626831
rcsb_2HED_A_A59F,rcsb_2MED_A_F59A,0.8662146329879761,-0.8566207885742188
rcsb_2HED_A_A59L,rcsb_2MEE_A_L59A,3.5848324298858643,-3.5784950256347656
rcsb_2HED_A_A59T,rcsb_2MEH_A_T59A,0.25499939918518066,-0.2559258043766022
rcsb_2HEE_A_G59L,rcsb_2MEE_A_L59G,4.00830078125,-4.045767307281494
rcsb_2HEE_A_G59S,rcsb_2MEG_A_S59G,0.2599768340587616,-0.25846219062805176
rcsb_2HEF_A_A89I,rcsb_3FE0_A_I89A,2.849130392074585,-2.834136962890625
rcsb_2HSH_A_C69S,rcsb_3M9J_A_S69C,-1.1917093992233276,1.1909642219543457
rcsb_2I1B_A_F101W,rcsb_1T4Q_A_W101F,-1.3122122287750244,1.328634262084961
rcsb_2I1B_A_F146W,rcsb_1TOO_A_W146F,-0.8806838393211365,0.8731692433357239
rcsb_2I9V_A_Q98Y,rcsb_4B9O_A_Y98Q,1.5533822774887085,-1.601030707359314
rcsb_2IAR_A_H244L,rcsb_2IAT_A_L244H,0.39515015482902527,-0.39524605870246887
rcsb_2IAR_A_H244Y,rcsb_2IAU_A_Y244H,1.0395398139953613,-1.0398551225662231
rcsb_2IAR_A_H244W,rcsb_1E1A_A_W244H,0.9823184609413147,-0.9727550148963928
rcsb_2IAS_A_F244Y,rcsb_2IAU_A_Y244F,0.9418051838874817,-0.9413884878158569
rcsb_2IAS_A_F244H,rcsb_2IAR_A_H244F,-0.09913624078035355,0.09858525544404984
rcsb_2IAS_A_F244W,rcsb_1E1A_A_W244F,0.8832079768180847,-0.8732874989509583
rcsb_2IAW_A_D229N,rcsb_2GVX_A_N229D,0.007926920428872108,-0.01970912702381611
rcsb_2IDQ_A_A98K,rcsb_3RYM_A_K98A,-0.3976938724517822,0.384512722492218
rcsb_2IDR_A_C113S,rcsb_2IDV_A_S113C,-1.0803945064544678,1.0171403884887695
rcsb_2JG6_A_E38Q,rcsb_4AI4_A_Q38E,-0.4552617073059082,0.4518718719482422
rcsb_2JI0_A_K135Y,rcsb_2BXW_A_Y135K,-0.02163350023329258,0.011730891652405262
rcsb_2LHM_A_A83K,rcsb_1I22_A_K83A,-0.027418507263064384,0.027165107429027557
rcsb_2MEA_A_F56M,rcsb_2MEC_A_M56F,1.560534954071045,-1.5603892803192139
rcsb_2MEA_A_F56I,rcsb_3FE0_A_I56F,3.0862274169921875,-3.0645978450775146
rcsb_2MEB_A_L56M,rcsb_2MEC_A_M56L,-1.6713114976882935,1.7006601095199585
rcsb_2MEC_A_M56T,rcsb_1LOZ_A_T56M,-3.4526631832122803,3.4162793159484863
rcsb_2MED_A_F59I,rcsb_3FE0_A_I59F,2.849482536315918,-2.8680646419525146
rcsb_2MED_A_F59G,rcsb_2HEE_A_G59F,-1.3323168754577637,1.3268814086914062
rcsb_2MEE_A_L59T,rcsb_2MEH_A_T59L,-3.3229124546051025,3.320246458053589
rcsb_2MEE_A_L59M,rcsb_2MEF_A_M59L,-1.6271989345550537,1.589315414428711
rcsb_2MEE_A_L59V,rcsb_1YAP_A_V59L,-1.415236234664917,1.420536756515503
rcsb_2MEF_A_M59T,rcsb_2MEH_A_T59M,-1.6555233001708984,1.695518970489502
rcsb_2MEG_A_S59Y,rcsb_2MEI_A_Y59S,1.0643500089645386,-1.0693836212158203
rcsb_2MEG_A_S59T,rcsb_2MEH_A_T59S,0.4580634832382202,-0.46431249380111694
rcsb_2MEH_A_T59Y,rcsb_2MEI_A_Y59T,0.6068512797355652,-0.6059856414794922
rcsb_2MEH_A_T59V,rcsb_1YAP_A_V59T,1.9056555032730103,-1.9351881742477417
rcsb_2MGA_A_G64Q,rcsb_2MGF_A_Q64G,0.7790754437446594,-0.769665539264679
rcsb_2MGA_A_G64T,rcsb_1MOC_A_T64G,0.6126012206077576,-0.6028790473937988
rcsb_2MGC_A_L64T,rcsb_1MOC_A_T64L,-0.49453186988830566,0.4916765093803406
rcsb_2MGC_A_L64Q,rcsb_2MGF_A_Q64L,-0.3320100009441376,0.32726868987083435
rcsb_2MGF_A_Q64T,rcsb_1MOC_A_T64Q,-0.16316400468349457,0.16639044880867004
rcsb_2MGF_A_Q64W,rcsb_3NML_A_W64Q,0.023223241791129112,-0.024927303194999695
rcsb_2MGI_A_T64W,rcsb_3NML_A_W64T,0.18723362684249878,-0.18827179074287415
rcsb_2MGJ_A_V64Y,rcsb_1MGN_A_Y64V,-0.005780054721981287,0.006408502347767353
rcsb_2MGJ_A_V64W,rcsb_3NML_A_W64V,-0.26597583293914795,0.26384302973747253
rcsb_2MHR_A_L103N,rcsb_1A7E_A_N103L,-2.8011085987091064,2.7979960441589355
rcsb_2MSI_A_M16T,rcsb_4MSI_A_T16M,0.5997384190559387,-0.5961365103721619
rcsb_2NLS_A_E31K,rcsb_1IJV_A_K31E,-0.03645274043083191,0.0354609340429306
rcsb_2NUK_A_S154T,rcsb_2NVE_A_T154S,-1.244307041168213,1.2390456199645996
rcsb_2NUM_A_F156Y,rcsb_2NUK_A_Y156F,0.14306248724460602,-0.14258530735969543
rcsb_2NVG_A_A154C,rcsb_2NVF_A_C154A,-0.21911348402500153,0.2146303504705429
rcsb_2NVG_A_A154S,rcsb_2NUK_A_S154A,1.0376859903335571,-1.0303946733474731
rcsb_2NWF_A_W156Y,rcsb_2NUK_A_Y156W,0.8210107684135437,-0.8275495171546936
rcsb_2NXR_A_F7Y,rcsb_5E2S_A_Y7F,2.074221611022949,-2.073925733566284
rcsb_2NZM_A_A279K,rcsb_2BSP_A_K279A,-0.6967000365257263,0.5953004360198975
rcsb_2OCG_A_D123N,rcsb_2OCK_A_N123D,-0.16832640767097473,0.16975221037864685
rcsb_2OFR_X_A36V,rcsb_1SXX_A_V36A,0.11104774475097656,-0.15264388918876648
rcsb_2OSB_A_L16Q,rcsb_2EU8_A_Q16L,-2.50179123878479,2.4929540157318115
rcsb_2OU9_A_A119C,rcsb_3L2X_A_C119A,0.1400614231824875,-0.12102492153644562
rcsb_2P3J_A_A101R,rcsb_2P3I_A_R101A,0.6533079147338867,-0.6244276165962219
rcsb_2PD5_A_I47V,rcsb_4GCA_A_V47I,0.022451253607869148,-0.011705928482115269
rcsb_2PQB_A_A100G,rcsb_2GGD_A_G100A,0.9202778339385986,-0.8578182458877563
rcsb_2PWG_A_E254Q,rcsb_2PWE_A_Q254E,-2.1845734119415283,2.149350881576538
rcsb_2QAJ_A_E213G,rcsb_2EU8_A_G213E,-0.6384677886962891,0.45082545280456543
rcsb_2QCY_A_A298R,rcsb_2H2Z_A_R298A,0.3189079761505127,-0.3004223704338074
rcsb_2QET_A_A211S,rcsb_2QES_A_S211A,-0.2115563601255417,0.20961861312389374
rcsb_2QFQ_A_L101S,rcsb_2QFS_A_S101L,-2.3778514862060547,2.375054121017456
rcsb_2QXZ_A_A31G,rcsb_2QY1_A_G31A,0.31598398089408875,-0.3202587068080902
rcsb_2RGA_A_I61Q,rcsb_1CTQ_A_Q61I,-0.1243189200758934,0.14042556285858154
rcsb_2RGA_A_I61K,rcsb_2RGB_A_K61I,-0.41105929017066956,0.40389078855514526
rcsb_2RGB_A_K61L,rcsb_4EFN_A_L61K,0.4778482913970947,-0.5339019894599915
rcsb_2RGB_A_K61V,rcsb_2RGC_A_V61K,0.4098297357559204,-0.4125325381755829
rcsb_2RN2_A_E48Q,rcsb_1RDB_A_Q48E,0.5251662135124207,-0.5252788662910461
rcsb_2RN2_A_H62P,rcsb_1RBR_A_P62H,1.8412178754806519,-1.8067511320114136
rcsb_2RN2_A_K95N,rcsb_1RBU_A_N95K,0.5606319904327393,-0.5642521381378174
rcsb_2RN2_A_D134H,rcsb_1KVB_A_H134D,1.5313503742218018,-1.612799882888794
rcsb_2VCS_A_A42H,rcsb_5JQR_A_H42A,-0.19450099766254425,0.23246818780899048
rcsb_2WUT_A_K65Q,rcsb_4A1Y_A_Q65K,-1.3255469799041748,1.3263388872146606
rcsb_2WYK_A_A11N,rcsb_2WX9_A_N11A,0.1340826451778412,-0.11296704411506653
rcsb_2X80_A_A87F,rcsb_2BMH_A_F87A,0.19838105142116547,-0.21212171018123627
rcsb_2XJP_A_D202T,rcsb_2XJV_A_T202D,-0.5305604338645935,0.5302807092666626
rcsb_2XKG_A_A86L,rcsb_4AVD_A_L86A,2.374117374420166,-2.338787078857422
rcsb_2XOV_A_S201T,rcsb_2XTU_A_T201S,-1.3918426036834717,1.3700647354125977
rcsb_2XWO_A_E147R,rcsb_2WYK_A_R147E,2.8883962631225586,-2.838926315307617
rcsb_2XXK_A_D150N,rcsb_2WYK_A_N150D,-0.33219990134239197,0.26834776997566223
rcsb_2Y64_A_F110L,rcsb_2Y6J_A_L110F,0.11915186047554016,-0.13215866684913635
rcsb_2YL6_A_E361Q,rcsb_2YL8_A_Q361E,0.6196563839912415,-0.619587242603302
rcsb_2YYW_A_M20Y,rcsb_2EWI_A_Y20M,0.9110413193702698,-0.8897656202316284
rcsb_2ZP4_A_N48Q,rcsb_1KVW_A_Q48N,0.17330174148082733,-0.1725158840417862
rcsb_3A1R_A_F46L,rcsb_1IZP_A_L46F,-2.3732454776763916,2.4263205528259277
rcsb_3A1R_A_D121N,rcsb_3RSD_A_N121D,-2.7332427501678467,2.745389938354492
rcsb_3A2G_A_C102K,rcsb_1UFP_A_K102C,0.22765755653381348,-0.2328822761774063
rcsb_3AKP_A_E177Q,rcsb_4HK8_A_Q177E,0.03160218149423599,-0.09635785222053528
rcsb_3AUB_A_A32T,rcsb_3AUC_A_T1032A,0.09256527572870255,0.19403818249702454
rcsb_3AWQ_A_F78L,rcsb_3VM4_A_L78F,-0.3117637634277344,0.3523657023906708
rcsb_3B0X_A_A263K,rcsb_3AU2_A_K263A,0.956010639667511,-0.9133320450782776
rcsb_3B44_A_A136W,rcsb_3B45_A_W136A,3.329366445541382,-3.3241472244262695
rcsb_3B7A_A_A52S,rcsb_1OOF_A_S52A,-0.09143508225679398,0.08988486230373383
rcsb_3B86_A_S57T,rcsb_1OOF_A_T57S,0.46749287843704224,-0.4895283579826355
rcsb_3B87_A_A57S,rcsb_3B86_A_S57A,-0.5998291373252869,0.599215567111969
rcsb_3B87_A_A57T,rcsb_1OOF_A_T57A,-0.1280345320701599,0.1274469941854477
rcsb_3BDZ_A_A242N,rcsb_1T2B_A_N242A,-1.0740900039672852,1.0729496479034424
rcsb_3BF7_A_L78Q,rcsb_3BF8_A_Q78L,-1.6482925415039062,1.6686021089553833
rcsb_3BIR_A_N92Q,rcsb_4BIR_A_Q92N,0.9818114638328552,-0.9990133047103882
rcsb_3BLP_X_A388W,rcsb_1C8Q_A_W388A,2.8372740745544434,-2.903886556625366
rcsb_3BMV_A_P77S,rcsb_1CIU_A_S77P,2.0254862308502197,-2.0556232929229736
rcsb_3C7W_A_K96S,rcsb_3CDQ_A_S96K,-4.6438679695129395,4.648725986480713
rcsb_3C7W_A_K96R,rcsb_1LYD_A_R96K,-0.31656527519226074,0.31346186995506287
rcsb_3C7W_A_K96Q,rcsb_3CDR_A_Q96K,-0.4860793352127075,0.4843696355819702
rcsb_3C7W_A_K96M,rcsb_3CDV_A_M96K,-3.6993815898895264,3.775935411453247
rcsb_3C7Y_A_A96K,rcsb_3C7W_A_K96A,4.138192653656006,-4.116720676422119
rcsb_3C7Y_A_A96N,rcsb_3CDT_A_N96A,-1.6300867795944214,1.6359528303146362
rcsb_3C7Y_A_A96E,rcsb_3C8S_A_E96A,-0.4049489498138428,0.4017593562602997
rcsb_3C7Z_A_H96R,rcsb_3C83_A_R96H,4.986225128173828,-4.920320987701416
rcsb_3C81_A_A85K,rcsb_1LYD_A_K85A,0.48230665922164917,-0.4957612454891205
rcsb_3C8Q_A_D96R,rcsb_1LYD_A_R96D,5.368614673614502,-5.410303592681885
rcsb_3C8Q_A_D96Q,rcsb_3CDR_A_Q96D,5.1993889808654785,-5.284531116485596
rcsb_3C8Q_A_D96G,rcsb_3C8R_A_G96D,0.12518948316574097,-0.12541534006595612
rcsb_3C8R_A_G96W,rcsb_3FI5_A_W96G,0.9628211259841919,-0.9866722226142883
rcsb_3C8R_A_G96N,rcsb_3CDT_A_N96G,-0.18303638696670532,0.18199306726455688
rcsb_3C8R_A_G96M,rcsb_3CDV_A_M96G,1.8352429866790771,-1.8602628707885742
rcsb_3C8S_A_E96S,rcsb_3CDQ_A_S96E,-0.1186765655875206,0.12357714772224426
rcsb_3C8S_A_E96W,rcsb_3FI5_A_W96E,-0.05466266721487045,0.05263744667172432
rcsb_3C8S_A_E96R,rcsb_1LYD_A_R96E,4.285273551940918,-4.249979019165039
rcsb_3C8S_A_E96Q,rcsb_3CDR_A_Q96E,4.118877410888672,-4.112670421600342
rcsb_3C8S_A_E96K,rcsb_3C7W_A_K96E,4.600677013397217,-4.519977569580078
rcsb_3CDO_B_V96W,rcsb_3FI5_A_W96V,0.0072041661478579044,-0.008944086730480194
rcsb_3CDQ_A_S96V,rcsb_3CDO_B_V96S,0.055388193577528,-0.054681092500686646
rcsb_3CDR_A_Q96W,rcsb_3FI5_A_W96Q,-4.166770935058594,4.138311386108398
rcsb_3CDR_A_Q96S,rcsb_3CDQ_A_S96Q,-4.232834815979004,4.168160915374756
rcsb_3CDT_A_N96Q,rcsb_3CDR_A_Q96N,5.3467535972595215,-5.337779998779297
rcsb_3CDT_A_N96W,rcsb_3FI5_A_W96N,1.172161340713501,-1.173046588897705
rcsb_3CDT_A_N96V,rcsb_3CDO_B_V96N,1.1627702713012695,-1.1358734369277954
rcsb_3CDV_A_M96R,rcsb_1LYD_A_R96M,3.460827112197876,-3.4324228763580322
rcsb_3CDV_A_M96W,rcsb_3FI5_A_W96M,-0.8724105954170227,0.8817154765129089
rcsb_3CHY_A_A88T,rcsb_3OLW_A_T88A,0.6962457299232483,-0.5940375924110413
rcsb_3CHY_A_A88S,rcsb_3OLX_A_S88A,0.954050600528717,-0.8726634383201599
rcsb_3CHY_A_A88V,rcsb_3OLV_A_V88A,0.807606041431427,-0.6667063236236572
rcsb_3CHY_A_A113P,rcsb_3OO0_A_P113A,0.047144077718257904,-0.08167462795972824
rcsb_3CMQ_A_D289Y,rcsb_5MGV_A_Y289D,-0.49393779039382935,0.5335766673088074
rcsb_3DDK_A_F364I,rcsb_4ZP9_A_I364F,-1.7987302541732788,1.671338677406311
rcsb_3DHJ_A_C60V,rcsb_3EKC_A_V60C,-0.8275299072265625,0.8382131457328796
rcsb_3DR9_A_C73S,rcsb_3KUO_A_S73C,-0.25500810146331787,0.25412437319755554
rcsb_3F8V_A_H96W,rcsb_3FI5_A_W96H,0.6559561491012573,-0.6585147380828857
rcsb_3F8Y_A_K35Q,rcsb_2C2S_A_Q35K,-0.15174990892410278,0.11090675741434097
rcsb_3F9L_A_A72D,rcsb_3FA0_A_D72A,0.6978026032447815,-0.7068554759025574
rcsb_3FA6_A_D121E,rcsb_3CWK_A_E121D,0.7516602873802185,-0.7570186257362366
rcsb_3FA7_A_E59W,rcsb_3F8A_A_W59E,0.2968718111515045,-0.29691576957702637
rcsb_3FA7_A_E59R,rcsb_3D97_A_R59E,-0.1533830463886261,0.1556660234928131
rcsb_3FA8_A_F134Y,rcsb_3D97_A_Y134F,1.310360312461853,-1.3116847276687622
rcsb_3FE0_A_A47P,rcsb_1LHL_A_P47A,0.24211561679840088,-0.23878714442253113
rcsb_3FE0_A_I56L,rcsb_2MEB_A_L56I,0.19031305611133575,-0.1900685727596283
rcsb_3FE0_A_I56T,rcsb_1LOZ_A_T56I,-4.9574713706970215,4.902480125427246
rcsb_3FE0_A_I59L,rcsb_2MEE_A_L59I,-0.16077305376529694,0.1614226996898651
rcsb_3FE0_A_I59Y,rcsb_2MEI_A_Y59I,-2.8716042041778564,2.9015953540802
rcsb_3FE0_A_I59T,rcsb_2MEH_A_T59I,-3.477926731109619,3.481989860534668
rcsb_3FE0_A_D67H,rcsb_1LYY_A_H67D,-3.5480644702911377,3.6455023288726807
rcsb_3FE0_A_V74Y,rcsb_1GFH_A_Y74V,0.2678399682044983,-0.29889464378356934
rcsb_3FE0_A_A92S,rcsb_1GF3_A_S92A,0.4323837161064148,-0.4304696321487427
rcsb_3FE0_A_A92D,rcsb_1I20_A_D92A,-1.2990278005599976,1.2990838289260864
rcsb_3FE0_A_A96S,rcsb_1GF5_A_S96A,-0.5328421592712402,0.5326921343803406
rcsb_3FE0_A_V110Y,rcsb_1GFT_A_Y110V,0.5128046274185181,-0.49400943517684937
rcsb_3FGZ_A_M59N,rcsb_3FFT_A_N59M,0.3597363829612732,-0.36030974984169006
rcsb_3FQ1_A_I121L,rcsb_3FPY_A_L121I,0.4358205497264862,-0.43568703532218933
rcsb_3FQ2_A_F121L,rcsb_3FPY_A_L121F,0.5956408381462097,-0.5862012505531311
rcsb_3FQ2_A_F121I,rcsb_3FQ1_A_I121F,0.15830998122692108,-0.14634372293949127
rcsb_3H57_A_N68V,rcsb_2MGC_A_V68N,1.659583568572998,-1.66480553150177
rcsb_3HAO_A_A94L,rcsb_4Y9H_A_L94A,1.7455331087112427,-1.7675607204437256
rcsb_3HAP_A_A111L,rcsb_4Y9H_A_L111A,1.510733962059021,-1.4648289680480957
rcsb_3HC9_A_V64Y,rcsb_1YMA_A_Y64V,-0.08204610645771027,0.07375463843345642
rcsb_3HCX_A_A10N,rcsb_1DY3_A_N10A,-0.4572218656539917,0.45694684982299805
rcsb_3HPR_A_G148V,rcsb_1AKE_A_V148G,0.7830532789230347,-0.7759249806404114
rcsb_3HSD_A_A53Y,rcsb_1DY3_A_Y53A,1.3719030618667603,-1.3754435777664185
rcsb_3HSJ_A_A55N,rcsb_1DY3_A_N55A,0.15927256643772125,-0.18532277643680573
rcsb_3HXZ_A_A237G,rcsb_3HXU_A_G237A,0.7129627466201782,-0.7502069473266602
rcsb_3ILL_A_A97D,rcsb_1DY3_A_D97A,0.10421671718358994,-0.06151456758379936
rcsb_3K45_A_D104E,rcsb_3D80_A_E104D,0.28618085384368896,-0.2738332152366638
rcsb_3KUE_A_A77E,rcsb_1DY3_A_E77A,-0.7452468872070312,0.7185445427894592
rcsb_3LAH_A_G102H,rcsb_5JRV_A_H102G,0.5821306109428406,-0.5706945061683655
rcsb_3LPC_A_R92Y,rcsb_3LPA_A_Y92R,0.4493519961833954,-0.4398678243160248
rcsb_3M08_A_F98Y,rcsb_3M09_A_Y98F,0.3954251706600189,-0.3965969681739807
rcsb_3M5Q_A_D179N,rcsb_1MN1_A_N179D,-0.439339816570282,0.4316338002681732
rcsb_3MSI_A_H16M,rcsb_2MSI_A_M16H,0.8439387083053589,-0.8458200693130493
rcsb_3MSI_A_H16Y,rcsb_7MSI_A_Y16H,0.9822366237640381,-0.9840062260627747
rcsb_3MSI_A_H16T,rcsb_4MSI_A_T16H,1.4384558200836182,-1.436169981956482
rcsb_3MYN_A_D86E,rcsb_3MYM_A_E86D,0.212468221783638,-0.20646488666534424
rcsb_3N3G_A_S47T,rcsb_1NPZ_A_T47S,0.15442408621311188,-0.15418921411037445
rcsb_3NLL_A_A57N,rcsb_1FVX_A_N57A,0.06113199144601822,-0.06596244126558304
rcsb_3NML_A_W64Y,rcsb_1MGN_A_Y64W,0.25880831480026245,-0.26144158840179443
rcsb_3NP3_A_E121F,rcsb_3FQ2_A_F121E,-0.08040108531713486,0.08916071802377701
rcsb_3NP3_A_E121L,rcsb_3FPY_A_L121E,0.49784231185913086,-0.5062883496284485
rcsb_3OJP_A_N52S,rcsb_1LSY_A_S52N,0.8279679417610168,-0.9208778738975525
rcsb_3OK0_A_A35Q,rcsb_1H6M_A_Q35A,-1.4092650413513184,1.3686705827713013
rcsb_3OK0_A_A35E,rcsb_193L_A_E35A,-0.8757432699203491,0.8690773844718933
rcsb_3OLD_A_M287V,rcsb_3BAI_A_V287M,0.41367703676223755,-0.43113523721694946
rcsb_3ONS_A_E16V,rcsb_5NL4_A_V16E,0.5066566467285156,-0.506169855594635
rcsb_3PXL_A_A316S,rcsb_3FPX_A_S316A,0.5555081367492676,-0.5439131855964661
rcsb_3PXM_A_A37V,rcsb_1IV7_A_V37A,1.6482815742492676,-1.615734338760376
rcsb_3Q7V_A_N109V,rcsb_3UY6_A_V109N,0.6842473745346069,-0.7218183279037476
rcsb_3QMX_A_A75I,rcsb_4MJA_A_I75A,-1.0742857456207275,1.068468451499939
rcsb_3QMX_A_A79S,rcsb_4MJB_A_S79A,0.40753090381622314,-0.4070254862308502
rcsb_3RJN_B_E85K,rcsb_4TWU_A_K85E,-0.3193875551223755,0.3021135628223419
rcsb_3RYM_A_K98M,rcsb_1AAJ_A_M98K,0.8572729825973511,-0.8946812748908997
rcsb_3RYV_B_G9K,rcsb_5BNL_A_K9G,0.7150387763977051,-0.6467664241790771
rcsb_3S3I_A_C162S,rcsb_1OVE_A_S162C,-2.4752707481384277,2.3781321048736572
rcsb_3V8I_A_E47N,rcsb_5GII_A_N47E,-1.1858279705047607,1.226306676864624
rcsb_3VM4_A_F288G,rcsb_3AWP_A_G288F,-1.5713627338409424,1.527073860168457
rcsb_3VZK_A_E35H,rcsb_3VZL_A_H35E,0.26018407940864563,-0.25342610478401184
rcsb_3WDW_A_A113E,rcsb_3WDT_A_E113A,-0.41549739241600037,0.4176844358444214
rcsb_3WW5_A_E46N,rcsb_1LSY_A_N46E,0.10623916238546371,-0.09225045889616013
rcsb_3WW6_A_D46N,rcsb_1LSY_A_N46D,-0.18504872918128967,0.17951582372188568
rcsb_3WW6_A_D46E,rcsb_3WW5_A_E46D,-0.27639564871788025,0.29358720779418945
rcsb_3X1Z_A_A65T,rcsb_3X1W_A_T65A,0.7547775506973267,-0.7034805417060852
rcsb_3X2G_A_D92N,rcsb_3X2L_A_N92D,0.3719550669193268,-0.5195371508598328
rcsb_3ZCF_A_G41S,rcsb_3NWV_A_S41G,-4.23281717300415,4.2180585861206055
rcsb_3ZK7_A_E205Q,rcsb_3ZK8_A_Q205E,0.047332294285297394,-0.04813548922538757
rcsb_3ZS4_A_D11N,rcsb_2Y88_A_N11D,-0.4052354395389557,0.3921818733215332
rcsb_4A80_A_F30V,rcsb_4A84_A_V30F,0.12094458192586899,-0.14404746890068054
rcsb_4AI5_A_F16Y,rcsb_4AIA_A_Y16F,-0.26390722393989563,0.2711426913738251
rcsb_4AME_A_A18T,rcsb_1AME_A_T18A,1.3227678537368774,-1.2704352140426636
rcsb_4AVD_A_T48V,rcsb_1V07_A_V48T,0.256571888923645,-0.2562851011753082
rcsb_4AVD_A_A55F,rcsb_2VYZ_A_F55A,0.3075689673423767,-0.30122485756874084
rcsb_4AVD_A_H100W,rcsb_4F6G_A_W100H,0.13417676091194153,-0.13662397861480713
rcsb_4AVO_A_A274D,rcsb_4B4F_A_D274A,0.9424057602882385,-0.9407180547714233
rcsb_4B9O_A_T50V,rcsb_1F98_A_V50T,-0.26102393865585327,0.23090147972106934
rcsb_4BK7_A_F5Y,rcsb_4A80_A_Y5F,-0.9618122577667236,0.9168307185173035
rcsb_4BLI_A_K1176L,rcsb_4LBJ_A_L176K,0.8622952103614807,-0.8781182765960693
rcsb_4BVM_A_I42N,rcsb_5N4M_A_N43I,-4.060600757598877,4.037558555603027
rcsb_4C66_A_M43T,rcsb_5I80_A_T43M,-0.06293194741010666,0.03098057024180889
rcsb_4DM1_A_K289R,rcsb_3AXX_A_R289K,-0.5947103500366211,0.5676146745681763
rcsb_4DM2_A_C74P,rcsb_4DM1_A_P74C,0.12976157665252686,-0.13060003519058228
rcsb_4E3I_A_K67Q,rcsb_1L0E_A_Q67K,0.7691076397895813,-0.7510556578636169
rcsb_4EFG_A_A33W,rcsb_4EDE_A_W33A,-0.9281600117683411,0.9374839067459106
rcsb_4EFN_A_L61V,rcsb_2RGC_A_V61L,-0.050711292773485184,0.06980643421411514
rcsb_4F6B_A_F100H,rcsb_4AVD_A_H100F,0.019280189648270607,-0.024620013311505318
rcsb_4FLO_A_C290L,rcsb_4FLR_A_L290C,0.20467226207256317,-0.20511150360107422
rcsb_4FRU_A_G6R,rcsb_4FRV_A_R6G,-0.2470756471157074,0.24923360347747803
rcsb_4FWZ_A_F33Y,rcsb_4FWX_A_Y33F,0.7982892394065857,-0.8029253482818604
rcsb_4FWZ_A_H43Y,rcsb_4LPI_A_Y43H,0.5934799909591675,-0.6469776034355164
rcsb_4GCA_A_L301M,rcsb_2PDK_A_M301L,-0.1466280221939087,0.14200183749198914
rcsb_4GKC_A_A4R,rcsb_4EEJ_A_R4A,-0.0448274202644825,0.054420363157987595
rcsb_4GUL_A_E32V,rcsb_4HLT_A_V32E,-0.10879574716091156,0.10965560376644135
rcsb_4H0J_A_C58M,rcsb_4GYD_A_M58C,0.9857592582702637,-1.0018035173416138
rcsb_4HBW_A_E59Q,rcsb_5ACY_A_Q59E,0.07568931579589844,-0.08471007645130157
rcsb_4HLL_A_S45Y,rcsb_5GIK_A_Y45S,-0.24494878947734833,0.16973912715911865
rcsb_4HOH_A_A93T,rcsb_1BU4_A_T93A,0.7917782068252563,-0.7852707505226135
rcsb_4HOW_A_E295Q,rcsb_4HPH_A_Q295E,-2.132486343383789,2.1524481773376465
rcsb_4HP5_A_A295E,rcsb_4HOW_A_E295A,2.0111074447631836,-2.0010857582092285
rcsb_4HSW_A_F100L,rcsb_3DR9_A_L100F,-0.5728797316551208,0.5359607934951782
rcsb_4I3D_A_A57N,rcsb_4I3B_A_N57A,0.6565299034118652,-0.6749630570411682
rcsb_4IT8_A_H29L,rcsb_104M_A_L29H,1.3150715827941895,-1.3420865535736084
rcsb_4IXF_X_K37S,rcsb_4IXG_X_S37K,-0.3893294930458069,0.3938290774822235
rcsb_4JAC_A_S56T,rcsb_3DR9_A_T56S,-0.1087428480386734,0.06159580126404762
rcsb_4JB4_A_N184R,rcsb_3M23_A_R184N,-0.007776941172778606,-0.05784710496664047
rcsb_4JS6_A_D94H,rcsb_5BNL_A_H94D,0.8737332820892334,-0.8508042693138123
rcsb_4KMW_A_N34Y,rcsb_3DR9_A_Y34N,1.165152668952942,-1.2091788053512573
rcsb_4KO5_A_L48W,rcsb_4KOC_A_W48L,0.35521242022514343,-0.3624098598957062
rcsb_4KO7_A_F48W,rcsb_4KOB_A_W48F,-0.21245969831943512,0.22987277805805206
rcsb_4KOC_A_F108Y,rcsb_4KOB_A_Y108F,1.9325010776519775,-1.9240890741348267
rcsb_4L1X_A_L54V,rcsb_4L1W_A_V54L,-0.038133423775434494,0.043037571012973785
rcsb_4MFH_A_G121M,rcsb_1E67_A_M121G,0.6315897703170776,-0.6495591402053833
rcsb_4MJE_A_L38R,rcsb_3QMX_A_R27L,0.1367119401693344,-0.13739487528800964
rcsb_4MSI_A_T16Y,rcsb_7MSI_A_Y16T,-0.4581177830696106,0.4446776807308197
rcsb_4NFC_A_L109W,rcsb_4NFD_A_W109L,1.3816626071929932,-1.189875841140747
rcsb_4PAZ_A_A80P,rcsb_3PAZ_A_P80A,1.1866533756256104,-1.1431177854537964
rcsb_4PAZ_A_A80I,rcsb_6PAZ_A_I80A,0.3319808542728424,-0.3838866353034973
rcsb_4PPT_A_E102Q,rcsb_4POY_A_Q102E,-0.020692413672804832,0.019630471244454384
rcsb_4PZZ_A_C39S,rcsb_4EPX_A_S39C,-0.6769301295280457,0.6932098865509033
rcsb_4QAP_A_N263T,rcsb_4QBW_A_T263N,0.5332162976264954,-0.5122286677360535
rcsb_4QDM_A_L1V,rcsb_2FGL_A_V1L,-0.6715449094772339,0.03920903429389
rcsb_4QLE_A_A14I,rcsb_5CCC_A_I14A,2.7357442378997803,-2.7220089435577393
rcsb_4R3M_A_S63T,rcsb_2CCS_A_T63S,0.06019863113760948,0.025327907875180244
rcsb_4RMU_A_E76N,rcsb_5CSB_A_N76E,-1.0073388814926147,1.0108307600021362
rcsb_4RMV_A_H76N,rcsb_5CSB_A_N76H,-0.40633127093315125,0.4061805009841919
rcsb_4RMW_A_A76D,rcsb_5CS7_A_D76A,2.007383346557617,-2.1640045642852783
rcsb_4RMW_A_A76H,rcsb_4RMV_A_H76A,-0.11673931032419205,0.1261151134967804
rcsb_4TTN_A_A6G,rcsb_4TTM_A_G6A,1.0144195556640625,-1.0211241245269775
rcsb_4TWV_A_E96K,rcsb_1NZ3_A_K96E,-0.01943076215684414,0.028836874291300774
rcsb_4TYX_A_A92S,rcsb_4FWX_A_S92A,-0.07888048887252808,0.08633072674274445
rcsb_4WWL_A_C521I,rcsb_1HO5_A_I521C,1.8727962970733643,-1.7767232656478882
rcsb_4X6U_A_A269T,rcsb_4X71_A_T269A,0.5479636788368225,-0.5195515751838684
rcsb_4XPV_A_D44E,rcsb_4XQW_A_E44D,-3.368099351064302e-05,0.0008804607787169516
rcsb_4XPW_A_F114Y,rcsb_4XPY_A_Y114F,-1.2090082168579102,1.2219370603561401
rcsb_4XQ1_A_A114F,rcsb_4XPW_A_F114A,3.084030866622925,-3.0187771320343018
rcsb_4XQW_A_E44H,rcsb_4HKL_A_H44E,0.12091119587421417,-0.10915019363164902
rcsb_4XQW_A_E44N,rcsb_3AKP_A_N44E,0.43847599625587463,-0.3974246084690094
rcsb_4Y9H_A_I148V,rcsb_3HAR_A_V148I,-1.4309333562850952,1.4168792963027954
rcsb_4YEO_A_R73S,rcsb_3QY4_A_S73R,-0.28178271651268005,0.2945394814014435
rcsb_4YGJ_A_G9K,rcsb_5E2S_A_K9G,0.7109469175338745,-0.6996119022369385
rcsb_4YKM_A_W32Y,rcsb_4YKO_A_Y32W,0.053637970238924026,-0.05921356379985809
rcsb_4Z7P_A_K16Q,rcsb_4LFQ_A_Q16K,0.13225357234477997,-0.13612490892410278
rcsb_4ZGU_A_W60Y,rcsb_4QYN_A_Y60W,0.3913382589817047,-0.3838435411453247
rcsb_4ZRE_A_D278F,rcsb_3UUE_A_F278D,1.3551939725875854,-1.3998371362686157
rcsb_5AEN_A_D375N,rcsb_5NI6_A_N375D,-0.6851761937141418,0.659664511680603
rcsb_5B3K_A_A101S,rcsb_5B3L_A_S101A,-0.3474483788013458,0.3345779776573181
rcsb_5B5L_A_A10S,rcsb_5B5S_A_S10A,1.5397688150405884,-1.5325521230697632
rcsb_5BMG_A_C15E,rcsb_2GI9_A_E15C,-0.458151251077652,0.46297121047973633
rcsb_5BNL_A_A65S,rcsb_5JN1_A_S65A,1.7081341743469238,-1.6998685598373413
rcsb_5BNL_A_H119N,rcsb_1H9N_A_N119H,-1.8343092203140259,1.8296650648117065
rcsb_5C1C_A_D84N,rcsb_5C1E_A_N84D,1.07105553150177,-1.0642353296279907
rcsb_5C9M_A_A28E,rcsb_5DF5_A_E28A,-0.4024391174316406,0.43129879236221313
rcsb_5CCC_A_I14V,rcsb_4QLG_A_V14I,-1.2900865077972412,1.3037470579147339
rcsb_5CCN_A_K125Q,rcsb_5CCS_X_Q125K,-0.5167115926742554,0.49460262060165405
rcsb_5CHY_A_W106Y,rcsb_3CHY_A_Y106W,0.6380826234817505,-0.6629767417907715
rcsb_5CS7_A_D38N,rcsb_4RMR_A_N38D,-1.1492849588394165,1.1798378229141235
rcsb_5CS7_A_D53N,rcsb_4RMS_A_N53D,-0.9729061722755432,0.971713662147522
rcsb_5CS7_A_D76N,rcsb_4FXL_A_N76D,-2.695013999938965,2.6371495723724365
rcsb_5CS7_A_D98N,rcsb_4RMT_A_N98D,0.0706932321190834,-0.08207780867815018
rcsb_5CSG_A_Q97R,rcsb_5CS7_A_R97Q,0.07958462089300156,-0.07695551961660385
rcsb_5CXA_A_A241K,rcsb_1RMZ_A_K241A,0.0979403629899025,-0.08626019209623337
rcsb_5DG4_A_L60W,rcsb_4ZGU_A_W60L,-0.14297007024288177,0.1511758416891098
rcsb_5DG4_A_L60Y,rcsb_4QYP_A_Y60L,0.23735006153583527,-0.21517854928970337
rcsb_5DJ7_A_D160N,rcsb_5DK1_A_N160D,-0.4206756055355072,0.42090165615081787
rcsb_5E2S_A_N62V,rcsb_3DVB_A_V62N,-0.1580592542886734,0.10053756833076477
rcsb_5E2S_A_N62T,rcsb_3DVC_A_T62N,-0.08964315056800842,0.06213538721203804
rcsb_5E2S_A_A65H,rcsb_1UGC_A_H65A,-0.6409280896186829,0.6203440427780151
rcsb_5E2S_A_A65S,rcsb_1UGD_A_S65A,1.7105274200439453,-1.715586543083191
rcsb_5EE8_A_R164S,rcsb_3OPH_A_S164R,0.2343856394290924,-0.07236797362565994
rcsb_5EE8_A_K234R,rcsb_4FCF_A_R234K,-0.5423604846000671,0.5435951948165894
rcsb_5EE8_A_G238S,rcsb_1N9B_A_S238G,-0.34822630882263184,0.3153890073299408
rcsb_5EET_A_F106W,rcsb_5F0B_A_W106F,-1.2734004259109497,1.2790039777755737
rcsb_5EET_A_M144W,rcsb_4MU5_A_W144M,-2.0721592903137207,2.06038498878479
rcsb_5EU2_A_F101V,rcsb_5EET_A_V101F,0.5423109531402588,-0.5507688522338867
rcsb_5FB9_A_D65N,rcsb_5FBG_A_N65D,-0.7614270448684692,0.6715980768203735
rcsb_5FEN_A_C53T,rcsb_4RUU_A_T53C,0.03933137655258179,-0.04314614459872246
rcsb_5FKT_A_A483D,rcsb_5FKR_A_D483A,0.3033413290977478,-0.30733028054237366
rcsb_5GHI_A_D120N,rcsb_5GHM_A_N120D,-1.0513968467712402,1.0323810577392578
rcsb_5GIF_A_D47E,rcsb_3V8I_A_E47D,0.5514857769012451,-0.5012043714523315
rcsb_5HS1_A_G73R,rcsb_5ESE_A_R73G,0.5511608123779297,-0.5566940307617188
rcsb_5I79_A_A267E,rcsb_5I77_A_E267A,0.18674689531326294,-0.19270725548267365
rcsb_5JAI_A_G276S,rcsb_3ZU3_A_S276G,0.9683830142021179,-0.9685395359992981
rcsb_5JEH_B_F130Y,rcsb_5JGT_B_Y130F,-1.3114979267120361,1.324892520904541
rcsb_5JGR_A_C43K,rcsb_219L_A_K43C,0.39523041248321533,-0.40415072441101074
rcsb_5JGU_A_C119R,rcsb_219L_A_R119C,0.03011595830321312,-0.04765979200601578
rcsb_5JN1_A_N67Q,rcsb_4BCW_A_Q67N,0.9133397936820984,-0.9255907535552979
rcsb_5K0F_A_E156K,rcsb_5K0L_A_K156E,-0.3690135180950165,0.3630731701850891
rcsb_5KHZ_A_A98C,rcsb_1QSB_A_C98A,-2.6014466285705566,2.7761192321777344
rcsb_5LQ9_A_M17V,rcsb_3INW_A_V17M,0.24946828186511993,-0.5191901326179504
rcsb_5M9V_A_C121R,rcsb_5EOP_A_R121C,-0.09033896028995514,0.12237929552793503
rcsb_5MSI_A_C16T,rcsb_4MSI_A_T16C,0.5433550477027893,-0.5108408331871033
rcsb_5N4Q_A_P51T,rcsb_4BVM_A_T50P,1.0461161136627197,-1.0367416143417358
rcsb_5V71_A_C12V,rcsb_4TQ9_A_V12C,-0.05661160871386528,0.05271847918629646
rcsb_5V8Q_A_A845K,rcsb_2YHD_A_K845A,0.07500935345888138,-0.12384957075119019
rcsb_5WDP_A_A120L,rcsb_1CTQ_A_L120A,-0.8169682621955872,0.7902765274047852
rcsb_6PAZ_A_I80P,rcsb_3PAZ_A_P80I,0.9134182333946228,-0.8101949095726013
rcsb_7AME_A_A15S,rcsb_2SPG_A_S15A,0.24514412879943848,-0.2432132214307785
rcsb_7AME_A_A15T,rcsb_1AME_A_T15A,1.3357326984405518,-1.2330979108810425
rcsb_7PTI_A_A30V,rcsb_1AAL_A_V30A,0.34651878476142883,-0.33603209257125854
rcsb_7RNT_A_W45Y,rcsb_1BU4_A_Y45W,-0.5971626043319702,0.6309309601783752
rcsb_8CGT_A_A257E,rcsb_1CGT_A_E257A,1.480646014213562,-1.5568212270736694
rcsb_9AME_A_G42S,rcsb_1AME_A_S42G,-1.7747400999069214,1.9049674272537231
