mut_info_dir,mut_info_inv,pH,temp,GeoDDG-3D_dir,GeoDDG-3D_inv
rcsb_1AMQ_A_C191Y,rcsb_1QIR_A_Y191C,7.5,25,-0.9672814607620239,0.9630658030509949
rcsb_1AMQ_A_C191F,rcsb_1QIS_A_F191C,7.5,25,-0.9574596881866455,0.9517163038253784
rcsb_1AMQ_A_C191W,rcsb_1QIT_A_W191C,7.5,25,-1.0646405220031738,1.0561437606811523
rcsb_1AMQ_A_C191S,rcsb_5EAA_A_S191C,7.5,25,-0.5394427180290222,0.5372203588485718
rcsb_1BNI_A_F7L,rcsb_1BRG_A_L7F,6.2,25,-1.5290597677230835,1.5612391233444214
rcsb_1BNI_A_L14A,rcsb_1BRH_A_A14L,6.3,25,-3.262829065322876,3.1706387996673584
rcsb_1BNI_A_T26A,rcsb_1BNS_A_A26T,6.3,25,-1.612460732460022,1.5979905128479004
rcsb_1BNI_A_I51V,rcsb_1BSA_A_V51I,6.3,25,-1.27658212184906,1.2958874702453613
rcsb_1BNI_A_I76A,rcsb_1BRI_A_A76I,6.3,25,-3.149775505065918,3.188154697418213
rcsb_1BNI_A_I76V,rcsb_1BSB_A_V76I,6.3,25,-0.4516559839248657,0.45719313621520996
rcsb_1BNI_A_Y78F,rcsb_1BAO_A_F78Y,6.3,25,0.09649505466222763,-0.10453847050666809
rcsb_1BNI_A_I88A,rcsb_1BRJ_A_A88I,6.3,25,-4.817152976989746,4.774590969085693
rcsb_1BNI_A_I88V,rcsb_1BSC_A_V88I,6.3,25,-1.8836965560913086,1.8937653303146362
rcsb_1BNI_A_L89V,rcsb_1BSE_A_V89L,6.3,25,0.43118545413017273,-0.4289668798446655
rcsb_1BNI_A_S91A,rcsb_1BAN_A_A91S,6.3,25,-2.307568311691284,2.340682029724121
rcsb_1BNI_A_I96A,rcsb_1BRK_A_A96I,6.3,25,-2.6994214057922363,2.7314460277557373
rcsb_1BNI_A_I96V,rcsb_1BSD_A_V96I,6.3,25,-1.017617106437683,1.0246045589447021
rcsb_1CEY_A_D12A,rcsb_1E6K_A_A12D,7.0,25,-0.8269053101539612,0.7978179454803467
rcsb_1CEY_A_D13A,rcsb_1E6L_A_A13D,7.0,25,1.3893074989318848,-1.3057667016983032
rcsb_1CEY_A_D57A,rcsb_1E6M_A_A57D,7.0,25,1.45952308177948,-1.4453710317611694
rcsb_1EY0_A_T22C,rcsb_2EXZ_A_C22T,7.0,20,-1.190252661705017,1.1911224126815796
rcsb_1EY0_A_T22V,rcsb_2EY1_A_V22T,7.0,20,-1.2084729671478271,1.1994818449020386
rcsb_1EY0_A_V23L,rcsb_2F0E_A_L23V,7.0,20,0.7612475156784058,-0.7583579421043396
rcsb_1EY0_A_L25I,rcsb_2F0F_A_I25L,7.0,20,-1.1349186897277832,1.1602076292037964
rcsb_1EY0_A_T33V,rcsb_1EY5_A_V33T,7.0,20,0.3993547260761261,-0.395586222410202
rcsb_1EY0_A_T41C,rcsb_2EY2_A_C41T,7.0,20,0.5840573310852051,-0.5815632939338684
rcsb_1EY0_A_T41I,rcsb_1EY6_A_I41T,7.0,20,0.8697275519371033,-0.8655186891555786
rcsb_1EY0_A_T41S,rcsb_2EY5_A_S41T,7.0,20,0.07145204395055771,-0.05898156017065048
rcsb_1EY0_A_T41V,rcsb_2EY6_A_V41T,7.0,20,1.14286208152771,-1.1251771450042725
rcsb_1EY0_A_T44V,rcsb_2EYF_A_V44T,7.0,20,0.18070466816425323,-0.22026467323303223
rcsb_1EY0_A_S59A,rcsb_1EY4_A_A59S,7.0,20,0.5420144200325012,-0.5422430038452148
rcsb_1EY0_A_T62S,rcsb_2EYH_A_S62T,7.0,20,-1.9814659357070923,1.9860920906066895
rcsb_1EY0_A_T62V,rcsb_2EYJ_A_V62T,7.0,20,-0.07400764524936676,0.07255301624536514
rcsb_1EY0_A_V66I,rcsb_2F0G_A_I66V,7.0,20,0.31185388565063477,-0.30588680505752563
rcsb_1EY0_A_V66L,rcsb_2F0H_A_L66V,7.0,20,0.0399090051651001,-0.045358192175626755
rcsb_1EY0_A_V66K,rcsb_2SNM_A_K66V,7.0,20,-3.319988965988159,3.2776570320129395
rcsb_1EY0_A_I72L,rcsb_2F0I_A_L72I,7.0,20,-1.7112573385238647,1.7080925703048706
rcsb_1EY0_A_I72V,rcsb_2F0J_A_V72I,7.0,20,-1.4159191846847534,1.4181164503097534
rcsb_1EY0_A_T82S,rcsb_2EYL_A_S82T,7.0,20,-0.6727277040481567,0.6852007508277893
rcsb_1EY0_A_I92V,rcsb_2F0D_A_V92I,7.0,20,-1.3631556034088135,1.3645650148391724
rcsb_1EY0_A_K116G,rcsb_1KAB_A_G116K,7.0,20,0.13816696405410767,-0.11715061962604523
rcsb_1EY0_A_P117A,rcsb_1SYG_A_A117P,7.0,20,0.9871498942375183,-0.897495448589325
rcsb_1EY0_A_P117G,rcsb_1SYC_A_G117P,7.0,20,1.3222757577896118,-1.1994420289993286
rcsb_1EY0_A_P117T,rcsb_1SYE_A_T117P,7.0,0,0.8848801255226135,-0.848917543888092
rcsb_1EY0_A_T120C,rcsb_2EYM_A_C120T,7.0,20,-1.4096912145614624,1.38043212890625
rcsb_1EY0_A_T120S,rcsb_2EYO_A_S120T,7.0,20,-1.2772713899612427,1.258363962173462
rcsb_1EY0_A_T120V,rcsb_2EYP_A_V120T,7.0,20,-1.6758571863174438,1.7222397327423096
rcsb_1EY0_A_S128A,rcsb_1EY7_A_A128S,7.0,20,2.9106428623199463,-2.9793450832366943
rcsb_1IHB_A_F71N,rcsb_1MX2_A_N71F,7.5,23,0.699489414691925,-0.9529688358306885
rcsb_1IHB_A_F82Q,rcsb_1MX4_A_Q82F,7.5,23,-0.9839068055152893,0.9378857016563416
rcsb_1IHB_A_F92N,rcsb_1MX6_A_N92F,7.5,23,-1.8257123231887817,1.8679171800613403
rcsb_1IOB_A_T9G,rcsb_1HIB_A_G9T,6.5,25,-3.1125993728637695,3.0715065002441406
rcsb_1L63_A_M6A,rcsb_245L_A_A6M,3.0,44,-2.8609540462493896,2.807446241378784
rcsb_1L63_A_M6L,rcsb_230L_A_L6M,3.0,44,-0.30932703614234924,0.30002889037132263
rcsb_1L63_A_E11H,rcsb_1QT6_A_H11E,5.4,65,0.37775492668151855,-0.38187193870544434
rcsb_1L63_A_E11N,rcsb_1QT7_A_N11E,5.4,65,0.2705364227294922,-0.2740461826324463
rcsb_1L63_A_I17A,rcsb_239L_A_A17I,3.0,44,-3.143928289413452,3.219233989715576
rcsb_1L63_A_D20A,rcsb_253L_A_A20D,5.4,65,0.08758742362260818,-0.09223084151744843
rcsb_1L63_A_D20N,rcsb_255L_A_N20D,5.4,65,0.9348880648612976,-0.9379786252975464
rcsb_1L63_A_D20S,rcsb_254L_A_S20D,5.4,65,0.8093661665916443,-0.8077647089958191
rcsb_1L63_A_I27A,rcsb_240L_A_A27I,3.0,44,-4.611845016479492,4.5740966796875
rcsb_1L63_A_I27M,rcsb_1D2W_A_M27I,5.4,65,-2.9651589393615723,2.956260919570923
rcsb_1L63_A_I29A,rcsb_241L_A_A29I,3.0,44,-4.257474899291992,4.303692817687988
rcsb_1L63_A_S38N,rcsb_1L61_A_N38S,6.7,62,-0.12017001956701279,0.11850736290216446
rcsb_1L63_A_A41S,rcsb_120L_A_S41A,3.0,52,0.11618595570325851,-0.11702916771173477
rcsb_1L63_A_A42V,rcsb_1QTB_A_V42A,3.0,40,-2.5835952758789062,2.534949541091919
rcsb_1L63_A_A42S,rcsb_206L_A_S42A,3.0,52,-3.497779130935669,3.5016956329345703
rcsb_1L63_A_K43A,rcsb_1L66_A_A43K,6.7,62,-0.8914845585823059,0.8927317261695862
rcsb_1L63_A_S44A,rcsb_1L68_A_A44S,6.7,62,0.34790781140327454,-0.3418828845024109
rcsb_1L63_A_S44I,rcsb_108L_A_I44S,3.0,52,0.5147371292114258,-0.5079604983329773
rcsb_1L63_A_S44L,rcsb_110L_A_L44S,3.0,52,0.7108290195465088,-0.7055737972259521
rcsb_1L63_A_S44K,rcsb_109L_A_K44S,3.0,52,0.29680106043815613,-0.31280073523521423
rcsb_1L63_A_S44E,rcsb_217L_A_E44S,3.0,52,0.6209802031517029,-0.6220839619636536
rcsb_1L63_A_S44G,rcsb_107L_A_G44S,3.0,52,-0.4449746608734131,0.4637448787689209
rcsb_1L63_A_S44R,rcsb_113L_A_R44S,3.0,52,0.5848037004470825,-0.5827804207801819
rcsb_1L63_A_S44N,rcsb_111L_A_N44S,3.0,52,-0.020378585904836655,0.021353749558329582
rcsb_1L63_A_S44F,rcsb_137L_A_F44S,3.0,52,0.47659674286842346,-0.4768582582473755
rcsb_1L63_A_S44P,rcsb_112L_A_P44S,3.0,52,-0.6690642237663269,0.6889300346374512
rcsb_1L63_A_S44T,rcsb_114L_A_T44S,3.0,52,0.12099718302488327,-0.1205587387084961
rcsb_1L63_A_S44V,rcsb_115L_A_V44S,3.0,52,0.36642640829086304,-0.36267632246017456
rcsb_1L63_A_L46A,rcsb_1L67_A_A46L,6.7,62,-2.687971353530884,2.686549425125122
rcsb_1L63_A_D47A,rcsb_1L65_A_A47D,6.7,62,-0.48220711946487427,0.4796193242073059
rcsb_1L63_A_A49S,rcsb_221L_A_S49A,3.0,52,-0.4110700190067291,0.4140494465827942
rcsb_1L63_A_I50A,rcsb_242L_A_A50I,3.0,44,-2.484999895095825,2.4711267948150635
rcsb_1L63_A_I50M,rcsb_1D2Y_A_M50I,5.4,65,-0.8258161544799805,0.8216605186462402
rcsb_1L63_A_I58A,rcsb_243L_A_A58I,3.0,44,-4.736297130584717,4.827142238616943
rcsb_1L63_A_I58T,rcsb_1G1V_A_T58I,5.4,65,-4.3403639793396,4.418285369873047
rcsb_1L63_A_T59A,rcsb_1LYJ_A_A59T,6.5,63,-1.1790118217468262,1.1772915124893188
rcsb_1L63_A_T59D,rcsb_1LYI_A_D59T,6.5,63,-0.7960413694381714,0.8029574155807495
rcsb_1L63_A_T59G,rcsb_1LYH_A_G59T,6.5,63,-0.9995084404945374,1.0110090970993042
rcsb_1L63_A_T59N,rcsb_1LYG_A_N59T,6.5,63,-0.5936471223831177,0.6042247414588928
rcsb_1L63_A_T59S,rcsb_1LYF_A_S59T,6.5,63,0.022835712879896164,-0.02501249499619007
rcsb_1L63_A_T59V,rcsb_1LYE_A_V59T,6.5,63,-0.7370730638504028,0.7370510697364807
rcsb_1L63_A_L66M,rcsb_1D3J_A_M66L,5.4,65,-1.1918593645095825,1.1680736541748047
rcsb_1L63_A_F67A,rcsb_246L_A_A67F,3.0,44,-2.256713628768921,2.218529462814331
rcsb_1L63_A_D72P,rcsb_1L76_A_P72D,6.5,63,-1.3120299577713013,1.3275506496429443
rcsb_1L63_A_A73S,rcsb_122L_A_S73A,3.0,52,-0.30901795625686646,0.3081604838371277
rcsb_1L63_A_V75T,rcsb_127L_A_T75V,3.0,52,-1.194594144821167,1.317977786064148
rcsb_1L63_A_I78A,rcsb_1CTW_A_A78I,5.4,65,-2.9197518825531006,2.879348039627075
rcsb_1L63_A_I78M,rcsb_1CU0_A_M78I,5.4,65,-1.7034488916397095,1.7050142288208008
rcsb_1L63_A_I78V,rcsb_1P2R_A_V78I,5.4,61,-1.6585147380828857,1.6639124155044556
rcsb_1L63_A_A82S,rcsb_123L_A_S82A,3.0,52,0.3866070806980133,-0.40320587158203125
rcsb_1L63_A_L84A,rcsb_247L_A_A84L,3.0,44,-3.5780391693115234,3.5353753566741943
rcsb_1L63_A_L84M,rcsb_1CU2_A_M84L,5.4,65,-1.0548121929168701,1.0407634973526
rcsb_1L63_A_V87A,rcsb_236L_A_A87V,3.0,44,-1.57309091091156,1.584306001663208
rcsb_1L63_A_V87M,rcsb_1CU3_A_M87V,5.4,65,-1.383279800415039,1.3927558660507202
rcsb_1L63_A_V87I,rcsb_1P2L_A_I87V,5.4,61,0.14634153246879578,-0.14695174992084503
rcsb_1L63_A_V87T,rcsb_128L_A_T87V,3.0,52,-2.0723114013671875,2.0726606845855713
rcsb_1L63_A_L91A,rcsb_1CU6_A_A91L,3.0,44,-3.5954744815826416,3.6262526512145996
rcsb_1L63_A_L91M,rcsb_1CU5_A_M91L,5.4,59,-0.30306315422058105,0.30702799558639526
rcsb_1L63_A_D92N,rcsb_1L55_A_N92D,6.7,62,-1.1689079999923706,1.2131608724594116
rcsb_1L63_A_A93S,rcsb_224L_A_S93A,3.0,52,0.26170963048934937,-0.2754213511943817
rcsb_1L63_A_A98C,rcsb_1QSB_A_C98A,3.0,40,-2.4392740726470947,2.536994457244873
rcsb_1L63_A_A98L,rcsb_1QS5_A_L98A,3.0,40,-3.830113649368286,3.902066707611084
rcsb_1L63_A_A98S,rcsb_125L_A_S98A,3.0,52,-2.8492729663848877,2.852044105529785
rcsb_1L63_A_A98V,rcsb_1QS9_A_V98A,3.0,40,-2.6363205909729004,2.676677942276001
rcsb_1L63_A_L99A,rcsb_1L90_A_A99L,5.7,65,-3.8251404762268066,3.8384881019592285
rcsb_1L63_A_L99F,rcsb_1L91_A_F99L,5.7,65,-0.8864708542823792,0.9160307049751282
rcsb_1L63_A_L99I,rcsb_1L92_A_I99L,5.7,65,-0.764155924320221,0.7604799866676331
rcsb_1L63_A_L99M,rcsb_1L93_A_M99L,5.7,65,-0.40154024958610535,0.40050822496414185
rcsb_1L63_A_L99V,rcsb_1L94_A_V99L,5.7,65,-1.856149435043335,1.8728777170181274
rcsb_1L63_A_I100A,rcsb_244L_A_A100I,3.0,44,-2.6988699436187744,2.677311658859253
rcsb_1L63_A_I100M,rcsb_1CUP_A_M100I,5.4,65,-1.7151435613632202,1.7321096658706665
rcsb_1L63_A_I100V,rcsb_1P36_A_V100I,5.4,61,-0.4288305640220642,0.42783698439598083
rcsb_1L63_A_N101A,rcsb_1I6S_A_A101N,5.4,59,-1.9516023397445679,1.9579458236694336
rcsb_1L63_A_M102L,rcsb_1L77_A_L102M,5.4,61,-0.9070081114768982,0.903826892375946
rcsb_1L63_A_V103A,rcsb_238L_A_A103V,3.0,44,-1.5148252248764038,1.5145492553710938
rcsb_1L63_A_V103I,rcsb_1P7S_A_I103V,5.4,61,0.1431182622909546,-0.14178231358528137
rcsb_1L63_A_V103M,rcsb_1CUQ_A_M103V,5.4,65,-0.15678006410598755,0.16256289184093475
rcsb_1L63_A_F104M,rcsb_1CV0_A_M104F,5.4,65,-0.7619401216506958,0.7647427916526794
rcsb_1L63_A_Q105M,rcsb_1G1W_A_M105Q,5.4,59,-1.3366734981536865,1.3388563394546509
rcsb_1L63_A_M106I,rcsb_1P46_A_I106M,5.4,61,0.5557417273521423,-0.5467603802680969
rcsb_1L63_A_M106L,rcsb_234L_A_L106M,3.0,47,1.0963313579559326,-1.0978533029556274
rcsb_1L63_A_M106K,rcsb_231L_A_K106M,3.0,47,-1.4055417776107788,1.4084179401397705
rcsb_1L63_A_T109D,rcsb_1L62_A_D109T,6.7,62,0.40481701493263245,-0.3967097997665405
rcsb_1L63_A_T109N,rcsb_1L59_A_N109T,6.7,62,0.03871966898441315,-0.04261874035000801
rcsb_1L63_A_V111A,rcsb_235L_A_A111V,3.0,44,-1.1417332887649536,1.1382075548171997
rcsb_1L63_A_V111I,rcsb_2L78_A_I111V,5.4,61,-0.3426016867160797,0.32686036825180054
rcsb_1L63_A_V111M,rcsb_1CV1_A_M111V,5.4,65,-1.0419209003448486,1.0347944498062134
rcsb_1L63_A_S117F,rcsb_1TLA_A_F117S,5.4,65,0.4727897047996521,-0.4472425878047943
rcsb_1L63_A_L118A,rcsb_1CVK_A_A118L,5.4,65,-2.8869516849517822,2.8258397579193115
rcsb_1L63_A_L118M,rcsb_1CV4_A_M118L,5.4,65,-0.7202109694480896,0.698733389377594
rcsb_1L63_A_M120L,rcsb_233L_A_L120M,3.0,47,1.1336420774459839,-1.1700785160064697
rcsb_1L63_A_M120K,rcsb_232L_A_K120M,3.0,47,-1.302076816558838,1.3269031047821045
rcsb_1L63_A_M120Y,rcsb_1P6Y_A_Y120M,5.4,61,0.7412346601486206,-0.75125652551651
rcsb_1L63_A_L121M,rcsb_1CV3_A_M121L,5.4,65,-1.0130151510238647,1.0046422481536865
rcsb_1L63_A_A129F,rcsb_1QTC_A_F129A,3.0,40,-0.9765049815177917,1.052945852279663
rcsb_1L63_A_A129W,rcsb_1QTD_A_W129A,3.0,40,-1.5288569927215576,1.5854114294052124
rcsb_1L63_A_A130S,rcsb_118L_A_S130A,3.0,52,-0.3846941888332367,0.3841533064842224
rcsb_1L63_A_L133F,rcsb_1P64_A_F133L,5.4,61,-0.33933958411216736,0.33776071667671204
rcsb_1L63_A_L133M,rcsb_1CV5_A_M133L,5.4,59,-0.39981240034103394,0.4095851480960846
rcsb_1L63_A_A134S,rcsb_119L_A_S134A,3.0,52,-0.17413628101348877,0.17749179899692535
rcsb_1L63_A_N144E,rcsb_1L39_A_E144N,6.5,65,0.920150876045227,-0.9550851583480835
rcsb_1L63_A_V149A,rcsb_237L_A_A149V,3.0,44,-3.5816574096679688,3.5782346725463867
rcsb_1L63_A_V149C,rcsb_1G07_A_C149V,5.4,59,-3.708488941192627,3.70522141456604
rcsb_1L63_A_V149G,rcsb_1G0P_A_G149V,5.4,59,-5.446609973907471,5.397309303283691
rcsb_1L63_A_V149I,rcsb_1G0Q_A_I149V,5.4,59,0.16948632895946503,-0.17054925858974457
rcsb_1L63_A_V149M,rcsb_1CV6_A_M149V,5.4,65,-2.5878255367279053,2.577967405319214
rcsb_1L63_A_V149T,rcsb_126L_A_T149V,3.0,52,-3.2956955432891846,3.2862730026245117
rcsb_1L63_A_V149S,rcsb_1G06_A_S149V,5.4,59,-4.038630485534668,4.083938121795654
rcsb_1L63_A_T152A,rcsb_1G0G_A_A152T,5.4,59,-1.7196393013000488,1.7137486934661865
rcsb_1L63_A_T152C,rcsb_1G0K_A_C152T,5.4,59,-1.9061517715454102,1.905517578125
rcsb_1L63_A_T152I,rcsb_1G0M_A_I152T,5.4,59,0.6396993398666382,-0.6355994939804077
rcsb_1L63_A_T152S,rcsb_1G0J_A_S152T,5.4,59,-1.200351357460022,1.1910210847854614
rcsb_1L63_A_T152V,rcsb_1G0L_A_V152T,5.4,59,-0.3191445469856262,0.31917011737823486
rcsb_1L63_A_F153A,rcsb_1L85_A_A153F,5.7,65,-3.826077461242676,3.8063037395477295
rcsb_1L63_A_F153I,rcsb_1L86_A_I153F,5.7,65,-0.20223376154899597,0.19750653207302094
rcsb_1L63_A_F153L,rcsb_1L87_A_L153F,5.7,65,0.28882086277008057,-0.29261869192123413
rcsb_1L63_A_F153M,rcsb_1L88_A_M153F,5.7,65,-0.23425249755382538,0.23986473679542542
rcsb_1L63_A_F153V,rcsb_1L95_A_V153F,5.7,65,-2.2577028274536133,2.2521626949310303
rcsb_1LZ1_A_V2A,rcsb_1OUG_A_A2V,2.7,65,-1.4655753374099731,1.262563943862915
rcsb_1LZ1_A_V2G,rcsb_1GAY_A_G2V,2.7,65,-2.3396501541137695,2.225039005279541
rcsb_1LZ1_A_V2S,rcsb_1GF8_A_S2V,2.7,65,-1.4746105670928955,1.5036276578903198
rcsb_1LZ1_A_V2Y,rcsb_1GF9_A_Y2V,2.7,65,-0.9437267780303955,0.9439175724983215
rcsb_1LZ1_A_V2D,rcsb_1GFA_A_D2V,2.7,65,-1.5052990913391113,1.4280484914779663
rcsb_1LZ1_A_V2N,rcsb_1GFE_A_N2V,2.7,65,-1.833780288696289,1.7749865055084229
rcsb_1LZ1_A_V2R,rcsb_1GFG_A_R2V,2.7,65,-1.0334781408309937,1.0408955812454224
rcsb_1LZ1_A_V2L,rcsb_1GB0_A_L2V,2.7,65,-0.1554284691810608,0.13447868824005127
rcsb_1LZ1_A_V2M,rcsb_1GB2_A_M2V,2.7,65,-0.7413358688354492,0.7172930240631104
rcsb_1LZ1_A_V2F,rcsb_1GB3_A_F2V,2.7,65,-1.075612187385559,1.0869536399841309
rcsb_1LZ1_A_Y20F,rcsb_1WQN_A_F20Y,2.7,65,-0.3957098722457886,0.40183305740356445
rcsb_1LZ1_A_I23A,rcsb_2HEB_A_A23I,2.7,65,-1.1207630634307861,1.1051874160766602
rcsb_1LZ1_A_I23V,rcsb_1YAN_A_V23I,2.7,65,-0.37401825189590454,0.375507652759552
rcsb_1LZ1_A_Y38F,rcsb_1WQO_A_F38Y,2.7,65,0.3565043807029724,-0.36025765538215637
rcsb_1LZ1_A_Y45F,rcsb_1WQP_A_F45Y,2.7,65,0.2661589980125427,-0.258705198764801
rcsb_1LZ1_A_A47P,rcsb_1LHL_A_P47A,2.8,69,0.23476286232471466,-0.23570790886878967
rcsb_1LZ1_A_Y54F,rcsb_1WQQ_A_F54Y,2.7,65,-1.0474936962127686,1.049710750579834
rcsb_1LZ1_A_I56A,rcsb_2HEC_A_A56I,2.7,65,-4.50740385055542,4.502227306365967
rcsb_1LZ1_A_I56T,rcsb_1OUA_A_T56I,2.7,65,-4.558794975280762,4.487293243408203
rcsb_1LZ1_A_I56V,rcsb_1YAO_A_V56I,2.7,65,-1.7559771537780762,1.7513232231140137
rcsb_1LZ1_A_I59A,rcsb_2HED_A_A59I,2.7,65,-3.3823657035827637,3.4153993129730225
rcsb_1LZ1_A_I59G,rcsb_2HEE_A_G59I,2.7,65,-3.8425159454345703,3.829028844833374
rcsb_1LZ1_A_I59V,rcsb_1YAP_A_V59I,2.7,65,-1.3122462034225464,1.3339086771011353
rcsb_1LZ1_A_Y63F,rcsb_1WQR_A_F63Y,2.7,65,-0.3514518439769745,0.3480769991874695
rcsb_1LZ1_A_P71G,rcsb_1LHI_A_G71P,2.8,69,-0.7164700031280518,0.800192654132843
rcsb_1LZ1_A_V74A,rcsb_1OUH_A_A74V,2.7,65,0.1179385557770729,-0.09665929526090622
rcsb_1LZ1_A_V74G,rcsb_1GB5_A_G74V,2.7,65,-0.2557183802127838,0.2982594668865204
rcsb_1LZ1_A_V74I,rcsb_1GB6_A_I74V,2.7,65,0.6328248381614685,-0.6242249011993408
rcsb_1LZ1_A_V74L,rcsb_1GB7_A_L74V,2.7,65,0.3436780869960785,-0.359986811876297
rcsb_1LZ1_A_V74M,rcsb_1GB8_A_M74V,2.7,65,-0.14834100008010864,0.14640651643276215
rcsb_1LZ1_A_V74F,rcsb_1GB9_A_F74V,2.7,65,0.21489998698234558,-0.24405208230018616
rcsb_1LZ1_A_V74Y,rcsb_1GFH_A_Y74V,2.7,65,0.2364288866519928,-0.26029980182647705
rcsb_1LZ1_A_V74D,rcsb_1GFJ_A_D74V,2.7,65,0.060818757861852646,-0.04628481715917587
rcsb_1LZ1_A_V74N,rcsb_1GFK_A_N74V,2.7,65,-0.03898990899324417,0.034060992300510406
rcsb_1LZ1_A_V74R,rcsb_1GFR_A_R74V,2.7,65,0.24961023032665253,-0.2735043168067932
rcsb_1LZ1_A_V74S,rcsb_1B7S_A_S74V,2.7,65,0.11353089660406113,-0.10969939082860947
rcsb_1LZ1_A_C77A,rcsb_1HNL_A_A77C,4.5,57,-4.220097064971924,4.407760143280029
rcsb_1LZ1_A_I89A,rcsb_2HEF_A_A89I,2.7,65,-2.555288314819336,2.580033779144287
rcsb_1LZ1_A_I89V,rcsb_1YAQ_A_V89I,2.7,65,-1.1244025230407715,1.1274456977844238
rcsb_1LZ1_A_D91P,rcsb_1LHK_A_P91D,2.8,69,-0.5788718461990356,0.5765029191970825
rcsb_1LZ1_A_V93A,rcsb_1OUI_A_A93V,2.7,65,-0.9072015285491943,0.9031004309654236
rcsb_1LZ1_A_V99A,rcsb_1OUJ_A_A99V,2.7,65,-0.7023496627807617,0.7012113332748413
rcsb_1LZ1_A_V100A,rcsb_1OUB_A_A100V,2.7,65,-0.8884373307228088,0.8943207263946533
rcsb_1LZ1_A_P103G,rcsb_1LHJ_A_G103P,2.8,69,-0.18171806633472443,0.15962135791778564
rcsb_1LZ1_A_I106A,rcsb_2HEA_A_A106I,2.7,65,-0.8543326258659363,0.8601537942886353
rcsb_1LZ1_A_I106V,rcsb_1YAM_A_V106I,2.7,65,-0.571850061416626,0.5743027329444885
rcsb_1LZ1_A_V110A,rcsb_1OUC_A_A110V,2.7,65,0.5396087169647217,-0.5429083108901978
rcsb_1LZ1_A_V110D,rcsb_1GFU_A_D110V,2.7,65,0.6697295308113098,-0.6720574498176575
rcsb_1LZ1_A_V110G,rcsb_1GBO_A_G110V,2.7,65,0.738403856754303,-0.7370118498802185
rcsb_1LZ1_A_V110I,rcsb_1GBW_A_I110V,2.7,65,0.5463393926620483,-0.5512905120849609
rcsb_1LZ1_A_V110L,rcsb_1GBX_A_L110V,2.7,65,0.7180740237236023,-0.713170051574707
rcsb_1LZ1_A_V110M,rcsb_1GBY_A_M110V,2.7,65,0.5373924970626831,-0.5314611196517944
rcsb_1LZ1_A_V110N,rcsb_1GFV_A_N110V,2.7,65,0.46031415462493896,-0.4594186544418335
rcsb_1LZ1_A_V110R,rcsb_1INU_A_R110V,2.7,65,1.069756269454956,-1.0478838682174683
rcsb_1LZ1_A_V110F,rcsb_1GBZ_A_F110V,2.7,65,0.3312196731567383,-0.3244248330593109
rcsb_1LZ1_A_V110P,rcsb_1LHH_A_P110V,2.8,69,0.4578827917575836,-0.46259933710098267
rcsb_1LZ1_A_V110Y,rcsb_1GFT_A_Y110V,2.7,65,0.4664076566696167,-0.46161147952079773
rcsb_1LZ1_A_V121A,rcsb_1OUD_A_A121V,2.7,65,-1.5341166257858276,1.5296964645385742
rcsb_1LZ1_A_Y124F,rcsb_1WQM_A_F124Y,2.7,65,-0.666412353515625,0.6685187816619873
rcsb_1LZ1_A_V125A,rcsb_1OUE_A_A125V,2.7,65,-1.6115576028823853,1.6440986394882202
rcsb_1OH0_A_Y32F,rcsb_1DMQ_A_F32Y,7.0,25,0.12438331544399261,-0.12412039935588837
rcsb_1OH0_A_Y57F,rcsb_1DMM_A_F57Y,7.0,25,-1.6094456911087036,1.5671035051345825
rcsb_1RN1_C_Q25K,rcsb_1RGC_A_K25Q,7.0,25,0.5110912322998047,-0.5118144154548645
rcsb_1VQB_A_I47L,rcsb_1VQG_A_L47I,7.1,25,-0.7800995707511902,0.7844521403312683
rcsb_1VQB_A_I47M,rcsb_1VQH_A_M47I,7.1,25,-0.9755563139915466,0.9701845645904541
rcsb_1VQB_A_I47V,rcsb_1VQI_A_V47I,7.1,25,-1.3080146312713623,1.3104206323623657
rcsb_1VQB_A_V35I,rcsb_1VQJ_A_I35V,7.1,25,-0.02533147484064102,0.026018567383289337
rcsb_1VQB_A_Y41F,rcsb_1YHB_A_F41Y,7.1,25,0.1753973364830017,-0.16764377057552338
rcsb_2LZM_A_I3L,rcsb_149L_A_L3I,5.4,70,0.3259848654270172,-0.3259161114692688
rcsb_2LZM_A_I3C,rcsb_172L_A_C3I,6.5,65,-0.26840007305145264,0.2694200277328491
rcsb_2LZM_A_I3P,rcsb_1L96_A_P3I,2.0,39,-2.1319546699523926,2.141564130783081
rcsb_2LZM_A_I3Y,rcsb_1L18_A_Y3I,6.5,65,-1.448101282119751,1.4529197216033936
rcsb_2LZM_A_I3V,rcsb_1L17_A_V3I,6.5,65,-0.4138728380203247,0.42167720198631287
rcsb_2LZM_A_M6I,rcsb_150L_A_I6M,6.5,65,-2.6135313510894775,2.6552622318267822
rcsb_2LZM_A_K16E,rcsb_1L42_A_E16K,5.3,67,-0.2601238489151001,0.2640518546104431
rcsb_2LZM_A_S38D,rcsb_1L19_A_D38S,5.4,70,0.33837172389030457,-0.3547420799732208
rcsb_2LZM_A_N55G,rcsb_1L21_A_G55N,6.5,42,-0.4058091938495636,0.418106347322464
rcsb_2LZM_A_K60P,rcsb_1L56_A_P60K,6.5,65,-0.58631831407547,0.5874577164649963
rcsb_2LZM_A_G77A,rcsb_1L23_A_A77G,6.5,65,-0.3276680111885071,0.33005985617637634
rcsb_2LZM_A_A82P,rcsb_1L24_A_P82A,6.5,65,0.7811267971992493,-0.7582875490188599
rcsb_2LZM_A_K85A,rcsb_3C81_A_A85K,5.4,58,-0.3477630019187927,0.3411218822002411
rcsb_2LZM_A_D89A,rcsb_3C83_A_A89D,5.4,58,-0.9398267865180969,0.9347244501113892
rcsb_2LZM_A_R96A,rcsb_3C7Y_A_A96R,5.4,58,-3.4510631561279297,3.4986555576324463
rcsb_2LZM_A_R96D,rcsb_3C8Q_A_D96R,5.4,58,-5.025365829467773,5.079864978790283
rcsb_2LZM_A_R96M,rcsb_3CDV_A_M96R,5.4,58,-3.074976682662964,3.1697354316711426
rcsb_2LZM_A_R96E,rcsb_3C8S_A_E96R,5.4,58,-3.8731513023376465,3.9744973182678223
rcsb_2LZM_A_R96G,rcsb_3C8R_A_G96R,5.4,58,-4.882168769836426,4.926856994628906
rcsb_2LZM_A_R96Q,rcsb_3CDR_A_Q96R,5.4,58,-0.1671520322561264,0.16844499111175537
rcsb_2LZM_A_R96H,rcsb_3F8V_A_H96R,5.4,58,-4.575213432312012,4.663700103759766
rcsb_2LZM_A_R96N,rcsb_3CDT_A_N96R,5.4,58,-5.074676036834717,5.204204082489014
rcsb_2LZM_A_R96K,rcsb_3C7W_A_K96R,5.4,58,0.3520866334438324,-0.3549529016017914
rcsb_2LZM_A_R96S,rcsb_3CDQ_A_S96R,5.4,58,-3.981982946395874,4.027655601501465
rcsb_2LZM_A_R96Y,rcsb_3C80_A_Y96R,5.4,58,-3.9291746616363525,3.992644786834717
rcsb_2LZM_A_R96V,rcsb_3CDO_A_V96R,5.4,58,-3.9243381023406982,4.02247953414917
rcsb_2LZM_A_R96W,rcsb_3FI5_A_W96R,5.4,58,-3.9307069778442383,4.005181789398193
rcsb_2LZM_A_A98V,rcsb_1L48_A_V98A,3.0,40,-2.7610578536987305,2.8034579753875732
rcsb_2LZM_A_Q105A,rcsb_1L00_A_A105Q,5.8,66,-1.3347238302230835,1.3378828763961792
rcsb_2LZM_A_Q105E,rcsb_1L98_A_E105Q,5.8,66,-0.8602076172828674,0.8517845869064331
rcsb_2LZM_A_Q105G,rcsb_1L99_A_G105Q,5.8,66,-1.791012167930603,1.7844891548156738
rcsb_2LZM_A_G113A,rcsb_1L60_A_A113G,6.5,65,0.5581420063972473,-0.5481418967247009
rcsb_2LZM_A_T115E,rcsb_1L37_A_E115T,6.5,65,-0.10375846177339554,0.10599131137132645
rcsb_2LZM_A_N116D,rcsb_1L57_A_D116N,5.7,66,0.6934757828712463,-0.7125190496444702
rcsb_2LZM_A_R119E,rcsb_1L44_A_E119R,5.3,67,0.4800827205181122,-0.4608609974384308
rcsb_2LZM_A_Q123E,rcsb_1L38_A_E123Q,6.5,65,0.40392524003982544,-0.4011023938655853
rcsb_2LZM_A_K124G,rcsb_1L22_A_G124K,6.5,42,0.3439546525478363,-0.33918383717536926
rcsb_2LZM_A_V131A,rcsb_1L33_A_A131V,2.0,41,0.47489723563194275,-0.4646590054035187
rcsb_2LZM_A_V131D,rcsb_1DYA_A_D131V,3.0,53,0.6079411506652832,-0.5924056768417358
rcsb_2LZM_A_V131G,rcsb_1DYB_A_G131V,3.0,53,-0.38950681686401367,0.385225772857666
rcsb_2LZM_A_V131I,rcsb_1DYC_A_I131V,3.0,53,0.529599130153656,-0.5457525253295898
rcsb_2LZM_A_V131L,rcsb_1DYD_A_L131V,3.0,53,0.6197782158851624,-0.6303501129150391
rcsb_2LZM_A_V131S,rcsb_1DYE_A_S131V,3.0,53,0.533858597278595,-0.5272709727287292
rcsb_2LZM_A_V131M,rcsb_1DYF_A_M131V,3.0,53,0.08905690163373947,-0.09302888065576553
rcsb_2LZM_A_V131E,rcsb_1DYG_A_E131V,3.0,53,0.4814929664134979,-0.5023930072784424
rcsb_2LZM_A_L133A,rcsb_1L69_A_A133L,2.0,41,-2.1591379642486572,2.1685714721679688
rcsb_2LZM_A_K135E,rcsb_1L45_A_E135K,5.3,67,-0.24398808181285858,0.24264302849769592
rcsb_2LZM_A_N144D,rcsb_1L20_A_D144N,5.4,70,1.0123322010040283,-1.019228458404541
rcsb_2LZM_A_K147E,rcsb_1L46_A_E147K,5.3,67,0.17093698680400848,-0.1719180941581726
rcsb_2LZM_A_V149C,rcsb_1L53_A_C149V,3.0,40,-3.3030545711517334,3.3244147300720215
rcsb_2LZM_A_T152S,rcsb_1L52_A_S152T,3.0,40,-1.219991683959961,1.2182765007019043
rcsb_2LZM_A_R154E,rcsb_1L47_A_E154R,5.3,67,-0.3008570671081543,0.30556249618530273
rcsb_2LZM_A_G156D,rcsb_1L16_A_D156G,6.5,65,-2.0552256107330322,1.9413028955459595
rcsb_2LZM_A_T157A,rcsb_1L02_A_A157T,3.0,54,-1.4283368587493896,1.4206361770629883
rcsb_2LZM_A_T157C,rcsb_1L03_A_C157T,2.0,42,-0.9307991862297058,0.8700374960899353
rcsb_2LZM_A_T157D,rcsb_1L04_A_D157T,2.0,42,-0.9247976541519165,0.9149631857872009
rcsb_2LZM_A_T157E,rcsb_1L06_A_E157T,3.0,54,-1.4398818016052246,1.4764748811721802
rcsb_2LZM_A_T157F,rcsb_1L07_A_F157T,2.0,42,-1.3605080842971802,1.3449070453643799
rcsb_2LZM_A_T157G,rcsb_1L08_A_G157T,2.0,42,-1.475772738456726,1.4691174030303955
rcsb_2LZM_A_T157H,rcsb_1L09_A_H157T,2.0,42,-1.3606221675872803,1.3319445848464966
rcsb_2LZM_A_T157I,rcsb_1L10_A_I157T,3.0,54,-0.986660897731781,0.9912942051887512
rcsb_2LZM_A_T157L,rcsb_1L11_A_L157T,3.0,54,-1.222733736038208,1.1436333656311035
rcsb_2LZM_A_T157N,rcsb_1L12_A_N157T,3.0,54,-0.40992581844329834,0.4322963356971741
rcsb_2LZM_A_T157R,rcsb_1L13_A_R157T,3.0,54,-0.7576337456703186,0.7596831321716309
rcsb_2LZM_A_T157S,rcsb_1L14_A_S157T,2.0,42,-0.2750595808029175,0.27368104457855225
rcsb_2LZM_A_T157V,rcsb_1L15_A_V157T,3.0,54,-1.4252485036849976,1.4358694553375244
rcsb_2RN2_A_D10N,rcsb_1RDA_A_N10D,6.0,50,0.4601866602897644,-0.46013298630714417
rcsb_2RN2_A_E48Q,rcsb_1RDB_A_Q48E,6.0,50,0.5427422523498535,-0.5417996048927307
rcsb_2RN2_A_A52F,rcsb_3AA5_X_F52A,3.2,53,-0.346970796585083,0.3718530237674713
rcsb_2RN2_A_A52I,rcsb_3AA2_A_I52A,3.2,53,2.5526328086853027,-2.55222487449646
rcsb_2RN2_A_A52L,rcsb_3AA3_A_L52A,3.2,53,1.6213988065719604,-1.6074635982513428
rcsb_2RN2_A_A52V,rcsb_3AA4_A_V52A,3.2,53,2.2457926273345947,-2.2520551681518555
rcsb_2RN2_A_H62A,rcsb_1RBS_A_A62H,5.5,25,0.764049768447876,-0.7674911618232727
rcsb_2RN2_A_H62P,rcsb_1RBR_A_P62H,5.5,25,1.8185778856277466,-1.775384545326233
rcsb_2RN2_A_D70N,rcsb_1RDC_A_N70D,6.0,50,0.850986123085022,-0.8773459792137146
rcsb_2RN2_A_V74L,rcsb_1LAV_A_L74V,5.5,53,1.06033194065094,-1.0682424306869507
rcsb_2RN2_A_V74I,rcsb_1LAW_A_I74V,5.5,53,0.9947960376739502,-1.0044746398925781
rcsb_2RN2_A_G77A,rcsb_1GOB_A_A77G,3.0,50,-0.8681656122207642,0.8591698408126831
rcsb_2RN2_A_K95A,rcsb_1RBV_A_A95K,5.5,52,0.39686986804008484,-0.4014393985271454
rcsb_2RN2_A_K95G,rcsb_1RBT_A_G95K,5.5,52,1.391458511352539,-1.3745352029800415
rcsb_2RN2_A_K95N,rcsb_1RBU_A_N95K,5.5,52,0.591696560382843,-0.5992118120193481
rcsb_2RN2_A_D134A,rcsb_1KVA_A_A134D,5.5,50,1.8755189180374146,-1.9131017923355103
rcsb_2RN2_A_D134H,rcsb_1KVB_A_H134D,5.5,50,1.5981484651565552,-1.6697039604187012
rcsb_2RN2_A_D134N,rcsb_1KVC_A_N134D,5.5,50,1.0598515272140503,-1.1143535375595093
rcsb_4LYZ_A_M12F,rcsb_1IOS_A_F12M,5.5,35,0.12298634648323059,-0.10338737070560455
rcsb_4LYZ_A_M12L,rcsb_1IOT_A_L12M,5.5,35,-0.0628071278333664,0.06930617243051529
rcsb_4LYZ_A_T40S,rcsb_1HER_A_S40T,6.4,74,-0.5546097755432129,0.5492774844169617
rcsb_4LYZ_A_G49A,rcsb_1FN5_A_A49G,2.7,25,-1.3027582168579102,1.0620037317276
rcsb_4LYZ_A_I55V,rcsb_1HEO_A_V55I,6.4,74,-1.8233966827392578,1.8340208530426025
rcsb_4LYZ_A_I58M,rcsb_1IR8_A_M58I,5.5,35,-1.602745771408081,1.5617928504943848
rcsb_4LYZ_A_G67A,rcsb_1FLU_A_A67G,2.7,25,-1.1053822040557861,1.1355451345443726
rcsb_4LYZ_A_G71A,rcsb_1FLW_A_A71G,2.7,25,0.22853563725948334,-0.20346054434776306
rcsb_4LYZ_A_I78M,rcsb_1IR7_A_M78I,5.5,35,-0.9040200114250183,0.8907264471054077
rcsb_4LYZ_A_S91A,rcsb_1LSN_A_A91S,6.4,74,-0.08288278430700302,0.03503179922699928
rcsb_4LYZ_A_S91T,rcsb_1HEM_A_T91S,6.4,74,0.285638689994812,-0.2809174954891205
rcsb_4LYZ_A_I98M,rcsb_1IR9_A_M98I,5.5,35,-1.2963148355484009,1.3269031047821045
rcsb_4LYZ_A_G102A,rcsb_1FLY_A_A102G,2.7,25,0.40002280473709106,-0.37835007905960083
rcsb_4LYZ_A_G117A,rcsb_1FLQ_A_A117G,2.7,25,-1.242016077041626,1.190582275390625
rcsb_5PTI_A_F22A,rcsb_1BTI_A_A22F,2.0,25,-3.027977228164673,3.0452492237091064
rcsb_5PTI_A_Y23A,rcsb_1BPT_A_A23Y,2.0,25,-4.062687397003174,4.082478046417236
rcsb_5PTI_A_Y35G,rcsb_8PTI_A_G35Y,2.0,25,-3.5311591625213623,2.3874549865722656
rcsb_5PTI_A_N43G,rcsb_1NAG_A_G43N,2.0,25,-3.4751038551330566,3.5043931007385254
rcsb_5PTI_A_F45A,rcsb_1FAN_A_A45F,2.0,25,-3.164823293685913,2.999924421310425
